Name,Position,Club,Country of the club,_league,_source
Ben Winterburn,Pomocnik,Bournemouth,Anglia,Premier League,sofascore
Zac Christie,Pomocnik,Bournemouth,Anglia,Premier League,sofascore
Max Aarons,Obrońca,Bournemouth,Anglia,Premier League,sofascore
Matai Akinmboni,Obrońca,Bournemouth,Anglia,Premier League,sofascore
Harold William,Obrońca,Bournemouth,Anglia,Premier League,sofascore
Ethan Nwaneri,Pomocnik,Arsenal,Anglia,Premier League,sofascore
Fabio Vieira,Pomocnik,Arsenal,Anglia,Premier League,sofascore
Reiss Nelson,Pomocnik,Arsenal,Anglia,Premier League,sofascore
Gabriel Magalhaes,Obrońca,Arsenal,Anglia,Premier League,sofascore
Evann Guessand,Napastnik,Aston Villa,Anglia,Premier League,sofascore
Luka Lynch,Napastnik,Aston Villa,Anglia,Premier League,sofascore
Boubacar Kamara,Pomocnik,Aston Villa,Anglia,Premier League,sofascore
Jamaldeen Jimoh,Pomocnik,Aston Villa,Anglia,Premier League,sofascore
Bradley Burrowes,Pomocnik,Aston Villa,Anglia,Premier League,sofascore
Modou Keba Cisse,Obrońca,Aston Villa,Anglia,Premier League,flashscore~fuzzy
Fabio Carvalho,Napastnik,Brentford,Anglia,Premier League,sofascore
Gustavo Nunes,Napastnik,Brentford,Anglia,Premier League,sofascore
Yehor Yarmoliuk,Pomocnik,Brentford,Anglia,Premier League,sofascore
Antoni Milambo,Pomocnik,Brentford,Anglia,Premier League,sofascore
Yunus Konak,Pomocnik,Brentford,Anglia,Premier League,sofascore
Nathan Collins,Obrońca,Brentford,Anglia,Premier League,flashscore~fuzzy
Kim Ji-Soo,Obrońca,Brentford,Anglia,Premier League,sofascore
Benjamin Fredrick,Obrońca,Brentford,Anglia,Premier League,sofascore
Jayden Meghoma,Obrońca,Brentford,Anglia,Premier League,sofascore
Benjamin Arthur,Obrońca,Brentford,Anglia,Premier League,sofascore
Evan Ferguson,Napastnik,Brighton & Hove Albion,Anglia,Premier League,sofascore
Stefanos Tzimas,Napastnik,Brighton & Hove Albion,Anglia,Premier League,sofascore
Facundo Buonanotte,Pomocnik,Brighton & Hove Albion,Anglia,Premier League,sofascore
Ibrahim Osman,Pomocnik,Brighton & Hove Albion,Anglia,Premier League,sofascore
Malick Yalcouye,Pomocnik,Brighton & Hove Albion,Anglia,Premier League,sofascore
Amario Cozier-Duberry,Pomocnik,Brighton & Hove Albion,Anglia,Premier League,sofascore
Tom Watson,Pomocnik,Brighton & Hove Albion,Anglia,Premier League,sofascore
Lewis Dunk,Obrońca,Brighton & Hove Albion,Anglia,Premier League,sofascore
Igor Julio,Obrońca,Brighton & Hove Albion,Anglia,Premier League,sofascore
Eiran Cashin,Obrońca,Brighton & Hove Albion,Anglia,Premier League,sofascore
Nicolas Jackson,Napastnik,Chelsea,Anglia,Premier League,sofascore
David Datro Fofana,Napastnik,Chelsea,Anglia,Premier League,sofascore
Mykhailo Mudryk,Pomocnik,Chelsea,Anglia,Premier League,sofascore
Aaron Anselmino,Obrońca,Chelsea,Anglia,Premier League,sofascore
Axel Disasi,Obrońca,Chelsea,Anglia,Premier League,sofascore
Caleb Wiley,Obrońca,Chelsea,Anglia,Premier League,sofascore
Denner,Obrońca,Chelsea,Anglia,Premier League,sofascore
Kai Andrews,Pomocnik,Coventry City,Anglia,Premier League,sofascore
Raphael Rodrigues,Pomocnik,Coventry City,Anglia,Premier League,sofascore
Harri Laidler,Pomocnik,Coventry City,Anglia,Premier League,sofascore
Miguel Angel Brau,Obrońca,Coventry City,Anglia,Premier League,flashscore~fuzzy
Tristen Batanwi,Obrońca,Coventry City,Anglia,Premier League,sofascore
Jorgen Strand Larsen,Napastnik,Crystal Palace,Anglia,Premier League,flashscore~fuzzy
Jesurun Rak-Sakyi,Pomocnik,Crystal Palace,Anglia,Premier League,sofascore
Caleb Kporha,Obrońca,Crystal Palace,Anglia,Premier League,sofascore
Charlie Walker-Smith,Obrońca,Crystal Palace,Anglia,Premier League,sofascore
Joel Catesby,Napastnik,Everton,Anglia,Premier League,sofascore
Vitaliy Mykolenko,Obrońca,Everton,Anglia,Premier League,sofascore
Michael Keane,Obrońca,Everton,Anglia,Premier League,sofascore
Jonah Kusi-Asare,Napastnik,Fulham,Anglia,Premier League,sofascore
Luke Harris,Pomocnik,Fulham,Anglia,Premier League,sofascore
Oli McBurnie,Napastnik,Hull City,Anglia,Premier League,sofascore
David Akintola,Napastnik,Hull City,Anglia,Premier League,flashscore~fuzzy
Calvin Okike,Obrońca,Hull City,Anglia,Premier League,sofascore
Ali Al-Hamadi,Napastnik,Ipswich Town,Anglia,Premier League,sofascore
Abdul Fatawu Issahaku,Napastnik,Ipswich Town,Anglia,Premier League,flashscore~fuzzy
Jaden Philogene-Bidace,Pomocnik,Ipswich Town,Anglia,Premier League,sofascore
Sammie Szmodics,Pomocnik,Ipswich Town,Anglia,Premier League,sofascore
Chiedozie Ogbene,Pomocnik,Ipswich Town,Anglia,Premier League,sofascore
Harry Clarke,Pomocnik,Ipswich Town,Anglia,Premier League,sofascore
Cameron Humphreys,Pomocnik,Ipswich Town,Anglia,Premier League,sofascore
Ben Johnson,Obrońca,Ipswich Town,Anglia,Premier League,sofascore
Largie Ramazani,Napastnik,Leeds United,Anglia,Premier League,sofascore
Mateo Joseph,Napastnik,Leeds United,Anglia,Premier League,sofascore
Joe Gelhardt,Pomocnik,Leeds United,Anglia,Premier League,sofascore
Rhys Chadwick-Chaplin,Pomocnik,Leeds United,Anglia,Premier League,sofascore
Oliver Pickles,Pomocnik,Leeds United,Anglia,Premier League,sofascore
Callum Mills,Pomocnik,Leeds United,Anglia,Premier League,sofascore
Freddie Lane,Pomocnik,Leeds United,Anglia,Premier League,sofascore
Sam Byram,Obrońca,Leeds United,Anglia,Premier League,sofascore
Joshua Abe,Napastnik,Liverpool FC,Anglia,Premier League,sofascore
Josh Sonni-Lambie,Napastnik,Liverpool FC,Anglia,Premier League,sofascore
Stefan Bajcetic,Pomocnik,Liverpool FC,Anglia,Premier League,sofascore
Conor Bradley,Obrońca,Liverpool FC,Anglia,Premier League,sofascore
Kostas Tsimikas,Obrońca,Liverpool FC,Anglia,Premier League,sofascore
Giovanni Leoni,Obrońca,Liverpool FC,Anglia,Premier League,sofascore
Mor Talla Ndiaye,Obrońca,Liverpool FC,Anglia,Premier League,flashscore~fuzzy
Ifeanyi Ndukwe,Obrońca,Liverpool FC,Anglia,Premier League,sofascore
Jack Grealish,Pomocnik,Manchester City,Anglia,Premier League,sofascore
Claudio Echeverri,Pomocnik,Manchester City,Anglia,Premier League,sofascore
Nico Gonzalez,Pomocnik,Manchester City,Anglia,Premier League,sofascore
Issa Kabore,Pomocnik,Manchester City,Anglia,Premier League,sofascore
Kalvin Phillips,Pomocnik,Manchester City,Anglia,Premier League,sofascore
Vitor Reis,Obrońca,Manchester City,Anglia,Premier League,sofascore
Max Alleyne,Obrońca,Manchester City,Anglia,Premier League,sofascore
Abdulay Juma Bah,Obrońca,Manchester City,Anglia,Premier League,sofascore
Josh Wilson-Esbrand,Obrońca,Manchester City,Anglia,Premier League,sofascore
Marcus Rashford,Napastnik,Manchester United,Anglia,Premier League,sofascore
Chido Obi-Martin,Napastnik,Manchester United,Anglia,Premier League,sofascore
JJ Gabriel,Napastnik,Manchester United,Anglia,Premier League,sofascore
Tynan Thompson,Napastnik,Manchester United,Anglia,Premier League,sofascore
Jim Thwaites,Pomocnik,Manchester United,Anglia,Premier League,sofascore
Matthijs de Ligt,Obrońca,Manchester United,Anglia,Premier League,sofascore
Diego Leon,Obrońca,Manchester United,Anglia,Premier League,sofascore
Matheos Ferreira,Napastnik,Newcastle United,Anglia,Premier League,sofascore
Bruno Guimaraes,Pomocnik,Newcastle United,Anglia,Premier League,sofascore
Rory Finneran,Pomocnik,Newcastle United,Anglia,Premier League,sofascore
Mason Miley,Pomocnik,Newcastle United,Anglia,Premier League,sofascore
Tino Livramento,Obrońca,Newcastle United,Anglia,Premier League,sofascore
Miodrag Pivas,Obrońca,Newcastle United,Anglia,Premier League,sofascore
Dylan Charlton,Obrońca,Newcastle United,Anglia,Premier League,sofascore
Luke Craggs,Obrońca,Newcastle United,Anglia,Premier League,sofascore
Kalum Thompson,Napastnik,Nottingham Forest,Anglia,Premier League,sofascore
Callum Hudson Odoi,Pomocnik,Nottingham Forest,Anglia,Premier League,sofascore
Chinaza Nwosu,Pomocnik,Nottingham Forest,Anglia,Premier League,sofascore
Jair,Obrońca,Nottingham Forest,Anglia,Premier League,sofascore
Nicolo Savona,Obrońca,Nottingham Forest,Anglia,Premier League,sofascore
Luis Semedo,Napastnik,Sunderland,Anglia,Premier League,sofascore
Finn Geragusyan,Napastnik,Sunderland,Anglia,Premier League,sofascore
Trey Samuel Ogunsuyi,Napastnik,Sunderland,Anglia,Premier League,sofascore
Simon Adingra,Pomocnik,Sunderland,Anglia,Premier League,sofascore
Chris Rigg,Pomocnik,Sunderland,Anglia,Premier League,sofascore
Abdoullah Ba,Pomocnik,Sunderland,Anglia,Premier League,sofascore
Tom Proctor,Pomocnik,Sunderland,Anglia,Premier League,sofascore
Charlie Dinsdale,Pomocnik,Sunderland,Anglia,Premier League,sofascore
Archie Lightfoot,Pomocnik,Sunderland,Anglia,Premier League,sofascore
Arthur Masuaku,Obrońca,Sunderland,Anglia,Premier League,sofascore
Aji Alese,Obrońca,Sunderland,Anglia,Premier League,sofascore
Ben Kindon,Obrońca,Sunderland,Anglia,Premier League,sofascore
Oyindamola Ajayi,Napastnik,Tottenham Hotspur,Anglia,Premier League,sofascore
Mohammed Kudus,Pomocnik,Tottenham Hotspur,Anglia,Premier League,sofascore
Dejan Kulusevski,Pomocnik,Tottenham Hotspur,Anglia,Premier League,sofascore
Yang Min-hyeok,Pomocnik,Tottenham Hotspur,Anglia,Premier League,sofascore
Reiss-Alexander Russell-Denny,Pomocnik,Tottenham Hotspur,Anglia,Premier League,sofascore
Cristian Romero,Obrońca,Tottenham Hotspur,Anglia,Premier League,flashscore~fuzzy
Andy Robertson,Obrońca,Tottenham Hotspur,Anglia,Premier League,sofascore
Ashley Phillips,Obrońca,Tottenham Hotspur,Anglia,Premier League,sofascore
Harry Byrne,Obrońca,Tottenham Hotspur,Anglia,Premier League,sofascore
Tyler Tingey,Obrońca,Tottenham Hotspur,Anglia,Premier League,sofascore
Alejandro Rego Mora,Obrońca,Athletic Club,Hiszpania,LaLiga,flashscore~fuzzy
Benat Prados,Pomocnik,Athletic Club,Hiszpania,LaLiga,flashscore~fuzzy
Unai Vencedor,Pomocnik,Athletic Club,Hiszpania,LaLiga,sofascore
Unai Eguiluz,Obrońca,Athletic Club,Hiszpania,LaLiga,sofascore
Iker Monreal Agundez,Obrońca,Athletic Club,Hiszpania,LaLiga,flashscore~fuzzy
Johaneko Louis Jean,Obrońca,Athletic Club,Hiszpania,LaLiga,sofascore
Carlos Martin,Napastnik,Atletico Madrid,Hiszpania,LaLiga,sofascore
Thomas Lemar,Pomocnik,Atletico Madrid,Hiszpania,LaLiga,sofascore
Jose Maria Gimenez,Obrońca,Atletico Madrid,Hiszpania,LaLiga,flashscore~fuzzy
Raul Garcia de Haro,Napastnik,Osasuna,Hiszpania,LaLiga,flashscore~fuzzy
Asier Bonel,Napastnik,Osasuna,Hiszpania,LaLiga,sofascore
Anai Morales,Pomocnik,Osasuna,Hiszpania,LaLiga,sofascore
Miguel Auria,Pomocnik,Osasuna,Hiszpania,LaLiga,sofascore
Bruno Perez,Pomocnik,Osasuna,Hiszpania,LaLiga,sofascore
Enzo Boyomo,Obrońca,Osasuna,Hiszpania,LaLiga,sofascore
Alex Jimenez,Obrońca,Osasuna,Hiszpania,LaLiga,sofascore
Abiel Osorio,Napastnik,Elche,Hiszpania,LaLiga,sofascore
Umaru Konare Tounkara,Napastnik,Elche,Hiszpania,LaLiga,sofascore
Federico Redondo,Pomocnik,Elche,Hiszpania,LaLiga,flashscore~fuzzy
Nordin Al Lal,Pomocnik,Elche,Hiszpania,LaLiga,sofascore
Rafael Nunez,Pomocnik,Elche,Hiszpania,LaLiga,sofascore
Alvaro Miralles Cebrian,Obrońca,Elche,Hiszpania,LaLiga,flashscore~fuzzy
Izei Hernandez,Napastnik,Deportivo Alaves,Hiszpania,LaLiga,sofascore
Abderrahman Rebbach,Pomocnik,Deportivo Alaves,Hiszpania,LaLiga,sofascore
Carlos Benavidez,Pomocnik,Deportivo Alaves,Hiszpania,LaLiga,sofascore
Selu Diallo,Pomocnik,Deportivo Alaves,Hiszpania,LaLiga,sofascore
Tomas Mendes,Pomocnik,Deportivo Alaves,Hiszpania,LaLiga,sofascore
Youssef Enriquez,Obrońca,Deportivo Alaves,Hiszpania,LaLiga,sofascore
Jonny Otto,Obrońca,Deportivo Alaves,Hiszpania,LaLiga,sofascore
Hugo Novoa,Obrońca,Deportivo Alaves,Hiszpania,LaLiga,flashscore~fuzzy
Nikola Maras,Obrońca,Deportivo Alaves,Hiszpania,LaLiga,sofascore
Xanet Olaiz,Obrońca,Deportivo Alaves,Hiszpania,LaLiga,sofascore
Roberto Fernandez,Napastnik,Espanyol,Hiszpania,LaLiga,flashscore~fuzzy
Marcos Fernandez,Napastnik,Espanyol,Hiszpania,LaLiga,flashscore~fuzzy
Javi Puado,Pomocnik,Espanyol,Hiszpania,LaLiga,sofascore
Edu Exposito,Pomocnik,Espanyol,Hiszpania,LaLiga,sofascore
Jofre Carreras,Pomocnik,Espanyol,Hiszpania,LaLiga,sofascore
Rafael Bauza,Pomocnik,Espanyol,Hiszpania,LaLiga,sofascore
Adama Timera,Obrońca,Espanyol,Hiszpania,LaLiga,sofascore
Ibrahim Diarra,Napastnik,FC Barcelona,Hiszpania,LaLiga,sofascore
Shane Kluivert,Napastnik,FC Barcelona,Hiszpania,LaLiga,sofascore
Alex Gonzalez,Napastnik,FC Barcelona,Hiszpania,LaLiga,sofascore
Fermin Lopez,Pomocnik,FC Barcelona,Hiszpania,LaLiga,sofascore
Toni Fernandez,Pomocnik,FC Barcelona,Hiszpania,LaLiga,sofascore
Tomas Marques,Pomocnik,FC Barcelona,Hiszpania,LaLiga,sofascore
Guillermo Fernandez,Pomocnik,FC Barcelona,Hiszpania,LaLiga,sofascore
Ebrima Tunkara,Pomocnik,FC Barcelona,Hiszpania,LaLiga,sofascore
Brian Farinas,Pomocnik,FC Barcelona,Hiszpania,LaLiga,sofascore
Hector Fort,Obrońca,FC Barcelona,Hiszpania,LaLiga,sofascore
Christantus Uche,Napastnik,Getafe,Hiszpania,LaLiga,sofascore
Yvan Neyou,Pomocnik,Getafe,Hiszpania,LaLiga,sofascore
Alberto Risco,Pomocnik,Getafe,Hiszpania,LaLiga,flashscore~fuzzy
George Andrews,Pomocnik,Getafe,Hiszpania,LaLiga,sofascore
Jean Ives Valou,Obrońca,Getafe,Hiszpania,LaLiga,flashscore~fuzzy
Juan Berrocal,Obrońca,Getafe,Hiszpania,LaLiga,sofascore
Gabriel Lozano,Obrońca,Getafe,Hiszpania,LaLiga,sofascore
Mady Macalou Soumano,Pomocnik,Getafe,Hiszpania,LaLiga,flashscore~fuzzy
Etta Eyong,Napastnik,Levante UD,Hiszpania,LaLiga,flashscore~fuzzy
Manel Usedo Domingo,Pomocnik,Levante UD,Hiszpania,LaLiga,sofascore
Alberto Calatrava,Pomocnik,Levante UD,Hiszpania,LaLiga,sofascore
Manuel Sanchez,Obrońca,Levante UD,Hiszpania,LaLiga,sofascore
Adrian de la Fuente,Obrońca,Levante UD,Hiszpania,LaLiga,sofascore
Unai Elgezabal,Obrońca,Levante UD,Hiszpania,LaLiga,flashscore~fuzzy
Marc Santos,Obrońca,Levante UD,Hiszpania,LaLiga,sofascore
Chupete,Napastnik,Malaga CF,Hiszpania,LaLiga,sofascore
Eneko Jauregi,Napastnik,Malaga CF,Hiszpania,LaLiga,sofascore
Juan Fernandez,Napastnik,Malaga CF,Hiszpania,LaLiga,sofascore
Carlos Dotor,Pomocnik,Malaga CF,Hiszpania,LaLiga,sofascore
Dani Lorenzo,Pomocnik,Malaga CF,Hiszpania,LaLiga,sofascore
Juanpe,Pomocnik,Malaga CF,Hiszpania,LaLiga,sofascore
Alex Pastor,Obrońca,Malaga CF,Hiszpania,LaLiga,sofascore
Moussa Diarra,Obrońca,Malaga CF,Hiszpania,LaLiga,sofascore
Rafa Garrido,Obrońca,Malaga CF,Hiszpania,LaLiga,sofascore
Oscar Gonzalez,Obrońca,Malaga CF,Hiszpania,LaLiga,sofascore
Juan Carlos Arana,Napastnik,Real Racing Club,Hiszpania,LaLiga,flashscore~fuzzy
Santi Franco,Napastnik,Real Racing Club,Hiszpania,LaLiga,sofascore
Pau Mascaro,Napastnik,Real Racing Club,Hiszpania,LaLiga,sofascore
Gabriel Jimenez Carpintero,Napastnik,Real Racing Club,Hiszpania,LaLiga,sofascore
Jorge Castellanos,Napastnik,Real Racing Club,Hiszpania,LaLiga,sofascore
Andres Vallecillo,Pomocnik,Real Racing Club,Hiszpania,LaLiga,sofascore
Manu Hernando,Obrońca,Real Racing Club,Hiszpania,LaLiga,sofascore
Hugo Ruiz,Obrońca,Real Racing Club,Hiszpania,LaLiga,sofascore
Hector Meija,Obrońca,Real Racing Club,Hiszpania,LaLiga,sofascore
Alvaro Fernandez,Obrońca,Real Racing Club,Hiszpania,LaLiga,sofascore
Etienne Eto'o Pineda,Napastnik,Rayo Vallecano,Hiszpania,LaLiga,flashscore~fuzzy
Raul de Tomas,Napastnik,Rayo Vallecano,Hiszpania,LaLiga,sofascore
Ivan Alonso Martin,Napastnik,Rayo Vallecano,Hiszpania,LaLiga,sofascore
Pathe Ismael Ciss,Pomocnik,Rayo Vallecano,Hiszpania,LaLiga,flashscore~fuzzy
Samu Becerra,Pomocnik,Rayo Vallecano,Hiszpania,LaLiga,sofascore
Luiz Felipe,Obrońca,Rayo Vallecano,Hiszpania,LaLiga,sofascore
Jones El-Abdellaoui,Napastnik,Celta Vigo,Hiszpania,LaLiga,sofascore
Carles Perez,Pomocnik,Celta Vigo,Hiszpania,LaLiga,sofascore
Damian Rodriguez,Pomocnik,Celta Vigo,Hiszpania,LaLiga,sofascore
Javi Rodriguez,Obrońca,Celta Vigo,Hiszpania,LaLiga,sofascore
Manu Fernandez,Obrońca,Celta Vigo,Hiszpania,LaLiga,sofascore
Joel Lopez Salguero,Obrońca,Celta Vigo,Hiszpania,LaLiga,flashscore~fuzzy
Mohamed Bouldini,Napastnik,Deportivo de A Coruna,Hiszpania,LaLiga,sofascore
Bil Nsongo,Napastnik,Deportivo de A Coruna,Hiszpania,LaLiga,sofascore
Ruben Lopez,Pomocnik,Deportivo de A Coruna,Hiszpania,LaLiga,sofascore
Jose Angel Jurado,Pomocnik,Deportivo de A Coruna,Hiszpania,LaLiga,flashscore~fuzzy
Jairo Noriega,Pomocnik,Deportivo de A Coruna,Hiszpania,LaLiga,sofascore
Enrique Teijo,Obrońca,Deportivo de A Coruna,Hiszpania,LaLiga,sofascore
Kwame Sosu,Napastnik,Real Betis,Hiszpania,LaLiga,sofascore
Abdessamad Ezzalzouli,Pomocnik,Real Betis,Hiszpania,LaLiga,sofascore
Borja Alonso,Pomocnik,Real Betis,Hiszpania,LaLiga,sofascore
Ivan Corralejo,Pomocnik,Real Betis,Hiszpania,LaLiga,flashscore~fuzzy
Rica Funez,Pomocnik,Real Betis,Hiszpania,LaLiga,sofascore
Gnangoro Bouare Samake,Pomocnik,Real Betis,Hiszpania,LaLiga,sofascore
Jean Emmanuel  N'Agoran,Obrońca,Real Betis,Hiszpania,LaLiga,sofascore
Endrick,Napastnik,Real Madrid,Hiszpania,LaLiga,sofascore
Manuel Angel Moran,Pomocnik,Real Madrid,Hiszpania,LaLiga,flashscore~fuzzy
Gorka Carrera Zarranz,Napastnik,Real Sociedad,Hiszpania,LaLiga,flashscore~fuzzy
Dani Diaz,Pomocnik,Real Sociedad,Hiszpania,LaLiga,sofascore
Mikel Goti,Pomocnik,Real Sociedad,Hiszpania,LaLiga,flashscore~fuzzy
Alex Lebarbier,Pomocnik,Real Sociedad,Hiszpania,LaLiga,sofascore
Rafa Mir,Napastnik,Sevilla,Hiszpania,LaLiga,sofascore
Alfon Gonzalez,Napastnik,Sevilla,Hiszpania,LaLiga,sofascore
Miguel Angel Sierra Ortega,Napastnik,Sevilla,Hiszpania,LaLiga,flashscore~fuzzy
Manuel Angel Castillo,Napastnik,Sevilla,Hiszpania,LaLiga,sofascore
Jesus Acuna,Napastnik,Sevilla,Hiszpania,LaLiga,sofascore
Peque Fernandez,Pomocnik,Sevilla,Hiszpania,LaLiga,sofascore
Manu Bueno,Pomocnik,Sevilla,Hiszpania,LaLiga,sofascore
Ibra Sow,Pomocnik,Sevilla,Hiszpania,LaLiga,sofascore
Jesus Cruz,Pomocnik,Sevilla,Hiszpania,LaLiga,sofascore
Francisco Javier Lociga,Pomocnik,Sevilla,Hiszpania,LaLiga,sofascore
Hugo Ortiz Rodriguez,Pomocnik,Sevilla,Hiszpania,LaLiga,sofascore
Marcao,Obrońca,Sevilla,Hiszpania,LaLiga,sofascore
Juan Iglesias,Pomocnik,Sevilla,Hiszpania,LaLiga,flashscore~fuzzy
Andres Castrin,Obrońca,Sevilla,Hiszpania,LaLiga,sofascore
Mario Diaz,Obrońca,Sevilla,Hiszpania,LaLiga,sofascore
Sergio Martinez,Obrońca,Sevilla,Hiszpania,LaLiga,sofascore
Jorge Moreno,Obrońca,Sevilla,Hiszpania,LaLiga,sofascore
Alberto Mari,Napastnik,Valencia,Hiszpania,LaLiga,sofascore
Javier Guerra,Pomocnik,Valencia,Hiszpania,LaLiga,sofascore
Diego Lopez,Pomocnik,Valencia,Hiszpania,LaLiga,sofascore
Sergi Canos,Pomocnik,Valencia,Hiszpania,LaLiga,sofascore
Jose Luis Gaya,Obrońca,Valencia,Hiszpania,LaLiga,flashscore~fuzzy
Amos Wanjala,Obrońca,Valencia,Hiszpania,LaLiga,sofascore
Ruben Iranzo,Obrońca,Valencia,Hiszpania,LaLiga,sofascore
Rodrigo Gamon,Obrońca,Valencia,Hiszpania,LaLiga,sofascore
Tani Oluwaseyi,Napastnik,Villarreal,Hiszpania,LaLiga,sofascore
Ilias Akhomach,Pomocnik,Villarreal,Hiszpania,LaLiga,sofascore
Cheikh Tidiane Thiam,Pomocnik,Villarreal,Hiszpania,LaLiga,sofascore
Nizar El Jmili,Pomocnik,Villarreal,Hiszpania,LaLiga,sofascore
Cesar Bonafe Ceita,Pomocnik,Villarreal,Hiszpania,LaLiga,sofascore
Juan Foyth,Obrońca,Villarreal,Hiszpania,LaLiga,sofascore
Alexander Freeman,Obrońca,Villarreal,Hiszpania,LaLiga,sofascore
Lautaro Spatz,Obrońca,Villarreal,Hiszpania,LaLiga,sofascore
Moussa Diallo,Obrońca,Villarreal,Hiszpania,LaLiga,sofascore
Cesar Bonafe,Obrońca,Villarreal,Hiszpania,LaLiga,sofascore
Eros Maddy,Napastnik,Auxerre,Francja,Ligue 1,sofascore
Romain Faivre,Pomocnik,Auxerre,Francja,Ligue 1,sofascore
Rayan Mandengue,Pomocnik,Auxerre,Francja,Ligue 1,sofascore
Lamfia Dioubate,Pomocnik,Auxerre,Francja,Ligue 1,sofascore
Alvin Petit Dol,Obrońca,Auxerre,Francja,Ligue 1,sofascore
Ackah-Tidiane Thiongane-Zoukrou,Obrońca,Auxerre,Francja,Ligue 1,sofascore
Mamadou Usman Simbakoli,Napastnik,Angers,Francja,Ligue 1,flashscore~fuzzy
Haris Belkebla,Pomocnik,Angers,Francja,Ligue 1,sofascore
Yassin Belkhdim,Pomocnik,Angers,Francja,Ligue 1,sofascore
Lucas Michal,Napastnik,AS Monaco,Francja,Ligue 1,sofascore
Oumar Konate,Napastnik,AS Monaco,Francja,Ligue 1,sofascore
Takumi Minamino,Pomocnik,AS Monaco,Francja,Ligue 1,sofascore
Stanis Idumbo Muzambo,Pomocnik,AS Monaco,Francja,Ligue 1,flashscore~fuzzy
Aymen Assab,Pomocnik,AS Monaco,Francja,Ligue 1,sofascore
Najd Ajroud,Pomocnik,AS Monaco,Francja,Ligue 1,sofascore
Matthias Oyatambwe,Pomocnik,AS Monaco,Francja,Ligue 1,flashscore~fuzzy
Mohammed Salisu,Obrońca,AS Monaco,Francja,Ligue 1,sofascore
Nick Mokabakila,Obrońca,AS Monaco,Francja,Ligue 1,sofascore
Amar Fatah,Napastnik,Troyes,Francja,Ligue 1,sofascore
Renaud Ripart,Napastnik,Troyes,Francja,Ligue 1,sofascore
Elijah Olaniyi Odede,Napastnik,Troyes,Francja,Ligue 1,flashscore~fuzzy
Michel Diaz,Obrońca,Troyes,Francja,Ligue 1,flashscore~fuzzy
Thierno Balde,Obrońca,Troyes,Francja,Ligue 1,sofascore
Paolo Gozzi,Obrońca,Troyes,Francja,Ligue 1,flashscore~fuzzy
Tom Akpakoun,Obrońca,Troyes,Francja,Ligue 1,sofascore
Tom Chupin,Obrońca,Troyes,Francja,Ligue 1,sofascore
Fred Onambele,Obrońca,Troyes,Francja,Ligue 1,flashscore~fuzzy
Jean Victor Makengo,Napastnik,Lorient,Francja,Ligue 1,sofascore
Arthur Avom Ebong,Pomocnik,Lorient,Francja,Ligue 1,flashscore~fuzzy
Antton Mouledous,Pomocnik,Lorient,Francja,Ligue 1,sofascore
Elysee Logbo,Napastnik,Le Havre,Francja,Ligue 1,sofascore
Enzo Koffi,Napastnik,Le Havre,Francja,Ligue 1,flashscore~fuzzy
Ismail Bouneb,Pomocnik,Le Havre,Francja,Ligue 1,sofascore
Daren Mosengo,Pomocnik,Le Havre,Francja,Ligue 1,flashscore~fuzzy
Guy-Noel Zohouri,Pomocnik,Le Havre,Francja,Ligue 1,sofascore
Timothee Pembele,Obrońca,Le Havre,Francja,Ligue 1,sofascore
Nathan Tronchet,Obrońca,Le Mans,Francja,Ligue 1,sofascore
Tayson Franquet,Obrońca,Le Mans,Francja,Ligue 1,sofascore
Mathis Gaudin,Obrońca,Le Mans,Francja,Ligue 1,sofascore
Hamza Igamane,Napastnik,Lille,Francja,Ligue 1,sofascore
Mohamed Bayo,Napastnik,Lille,Francja,Ligue 1,sofascore
Matah Yondjio,Napastnik,Lille,Francja,Ligue 1,sofascore
Tiago Morais,Napastnik,Lille,Francja,Ligue 1,sofascore
Alexsandro Ribeiro,Obrońca,Lille,Francja,Ligue 1,sofascore
Ousmane Toure,Obrońca,Lille,Francja,Ligue 1,sofascore
Terem Moffi,Napastnik,Nice,Francja,Ligue 1,sofascore
Mohamed Ali Cho,Napastnik,Nice,Francja,Ligue 1,sofascore
Kevin Carlos Omoruyi,Napastnik,Nice,Francja,Ligue 1,sofascore
Ibrahim Camara,Napastnik,Nice,Francja,Ligue 1,sofascore
Enguerrand Bouard,Napastnik,Nice,Francja,Ligue 1,sofascore
Issiaga Camara,Pomocnik,Nice,Francja,Ligue 1,sofascore
Xavier Mandza,Pomocnik,Nice,Francja,Ligue 1,sofascore
Kojo Peprah Oppong,Obrońca,Nice,Francja,Ligue 1,flashscore~fuzzy
Moise Bombito,Obrońca,Nice,Francja,Ligue 1,sofascore
Mattia Viti,Obrońca,Nice,Francja,Ligue 1,sofascore
Mohamed Ouedraogo,Pomocnik,Olympique Lyonnais,Francja,Ligue 1,sofascore
Mahamadou Diawara,Pomocnik,Olympique Lyonnais,Francja,Ligue 1,sofascore
Paul Akouokou,Pomocnik,Olympique Lyonnais,Francja,Ligue 1,sofascore
Duje Caleta-Car,Obrońca,Olympique Lyonnais,Francja,Ligue 1,sofascore
Melvyn Otobo,Obrońca,Olympique Lyonnais,Francja,Ligue 1,sofascore
Ange Lago,Napastnik,Olympique de Marseille,Francja,Ligue 1,sofascore
Derek Cornelius,Obrońca,Olympique de Marseille,Francja,Ligue 1,sofascore
Conrad Jaden Egan-Riley,Obrońca,Olympique de Marseille,Francja,Ligue 1,sofascore
Ulisses Garcia,Obrońca,Olympique de Marseille,Francja,Ligue 1,sofascore
Bamo Meite,Obrońca,Olympique de Marseille,Francja,Ligue 1,sofascore
Hilan Hamzaoui Slimani,Obrońca,Olympique de Marseille,Francja,Ligue 1,flashscore~fuzzy
Alimami Gory,Napastnik,Paris FC,Francja,Ligue 1,sofascore
Omar Sissoko,Napastnik,Paris FC,Francja,Ligue 1,sofascore
Mohamed Benoit-Dao,Napastnik,Paris FC,Francja,Ligue 1,sofascore
El Hadary Ylan,Pomocnik,Paris FC,Francja,Ligue 1,sofascore
Pierre Lees Melou,Pomocnik,Paris FC,Francja,Ligue 1,sofascore
Andria Kvirikadze,Pomocnik,Paris FC,Francja,Ligue 1,sofascore
Moustapha Mbow,Obrońca,Paris FC,Francja,Ligue 1,sofascore
Randal Kolo Muani,Napastnik,Paris Saint-Germain,Francja,Ligue 1,sofascore
Quentin Ndjantou,Napastnik,Paris Saint-Germain,Francja,Ligue 1,sofascore
Renato Sanches,Pomocnik,Paris Saint-Germain,Francja,Ligue 1,sofascore
Yoram Zague,Obrońca,Paris Saint-Germain,Francja,Ligue 1,sofascore
Naoufel El Hannach,Obrońca,Paris Saint-Germain,Francja,Ligue 1,sofascore
Gabin Capuano,Napastnik,RC Lens,Francja,Ligue 1,sofascore
Jhoanner Chavez,Pomocnik,RC Lens,Francja,Ligue 1,sofascore
Jonathan Gradit,Obrońca,RC Lens,Francja,Ligue 1,sofascore
Cheick Kante,Napastnik,Stade Brestois,Francja,Ligue 1,sofascore
Axel Camblan,Pomocnik,Stade Brestois,Francja,Ligue 1,sofascore
Axel Lassus,Pomocnik,Stade Brestois,Francja,Ligue 1,sofascore
Elias Legendre Quinonez Zae,Napastnik,Stade Rennais,Francja,Ligue 1,flashscore~fuzzy
Seko Fofana,Pomocnik,Stade Rennais,Francja,Ligue 1,sofascore
Przemyslaw Frankowski,Pomocnik,Stade Rennais,Francja,Ligue 1,sofascore
Jordan James,Pomocnik,Stade Rennais,Francja,Ligue 1,sofascore
Ayanda Sishuba,Pomocnik,Stade Rennais,Francja,Ligue 1,sofascore
Rayan Bamba,Pomocnik,Stade Rennais,Francja,Ligue 1,sofascore
Jonathan Do Marcolino,Obrońca,Stade Rennais,Francja,Ligue 1,sofascore
Rayane Messi,Napastnik,RC Strasbourg,Francja,Ligue 1,sofascore
Oscar Perea,Napastnik,RC Strasbourg,Francja,Ligue 1,sofascore
Sekou Mara,Napastnik,RC Strasbourg,Francja,Ligue 1,sofascore
Maxi Oyedele,Pomocnik,RC Strasbourg,Francja,Ligue 1,sofascore
Pape Diop,Pomocnik,RC Strasbourg,Francja,Ligue 1,sofascore
Max Marechal,Pomocnik,RC Strasbourg,Francja,Ligue 1,sofascore
Saidou Sow,Obrońca,RC Strasbourg,Francja,Ligue 1,sofascore
Soumaila Coulibaly,Obrońca,RC Strasbourg,Francja,Ligue 1,sofascore
Abakar Sylla,Obrońca,RC Strasbourg,Francja,Ligue 1,sofascore
Jacen Russell Rowe,Napastnik,Toulouse,Francja,Ligue 1,sofascore
Wassim Dardake,Napastnik,Toulouse,Francja,Ligue 1,sofascore
Cristian Casseres Jr.,Pomocnik,Toulouse,Francja,Ligue 1,flashscore~fuzzy
Ylies Aradj,Obrońca,Toulouse,Francja,Ligue 1,sofascore
Gaetan Bakhouche,Obrońca,Toulouse,Francja,Ligue 1,flashscore~fuzzy
Alvaro Zamora,Pomocnik,Academico Viseu FC,Portugalia,Liga Portugal,sofascore
Nils Mortimer,Napastnik,Academico Viseu FC,Portugalia,Liga Portugal,flashscore~fuzzy
Simao Silva,Pomocnik,Academico Viseu FC,Portugalia,Liga Portugal,sofascore
Robinho,Obrońca,Academico Viseu FC,Portugalia,Liga Portugal,sofascore
Gu Costa,Obrońca,Academico Viseu FC,Portugalia,Liga Portugal,sofascore
Oluwakorede Osundina,Napastnik,Casa Pia,Portugalia,Liga Portugal,sofascore
Max Svensson,Napastnik,Casa Pia,Portugalia,Liga Portugal,sofascore
Raul Blanco,Pomocnik,Casa Pia,Portugalia,Liga Portugal,sofascore
Gabi Pereira,Pomocnik,Casa Pia,Portugalia,Liga Portugal,sofascore
Joao Goulart,Obrońca,Casa Pia,Portugalia,Liga Portugal,flashscore~fuzzy
Domingos Jose Gabriel Bandeira,Obrońca,Casa Pia,Portugalia,Liga Portugal,sofascore
Israel Salazar,Napastnik,Estoril Praia,Portugalia,Liga Portugal,sofascore
Fabricio Garcia,Napastnik,Estoril Praia,Portugalia,Liga Portugal,sofascore
Jandro Orellana,Pomocnik,Estoril Praia,Portugalia,Liga Portugal,sofascore
Tiago Brito,Pomocnik,Estoril Praia,Portugalia,Liga Portugal,sofascore
Tiago Parente,Obrońca,Estoril Praia,Portugalia,Liga Portugal,sofascore
Ismael Sierra Arnal,Obrońca,Estoril Praia,Portugalia,Liga Portugal,flashscore~fuzzy
Diogo Brasido,Obrońca,Estoril Praia,Portugalia,Liga Portugal,sofascore
Chilohem Onuoha,Napastnik,CF Estrela Amadora,Portugalia,Liga Portugal,sofascore
Eddy Doue,Pomocnik,CF Estrela Amadora,Portugalia,Liga Portugal,sofascore
Alisson Souza de Jesus,Napastnik,CF Estrela Amadora,Portugalia,Liga Portugal,flashscore~fuzzy
Kevin Hoog Jansson,Pomocnik,CF Estrela Amadora,Portugalia,Liga Portugal,flashscore~fuzzy
Issiar Drame,Obrońca,CF Estrela Amadora,Portugalia,Liga Portugal,sofascore
Rafa Soares,Obrońca,CF Estrela Amadora,Portugalia,Liga Portugal,sofascore
Atanas Chernev,Obrońca,CF Estrela Amadora,Portugalia,Liga Portugal,sofascore
Vivaldo,Napastnik,FC Alverca,Portugalia,Liga Portugal,sofascore
Junior Armando Mendes,Napastnik,FC Alverca,Portugalia,Liga Portugal,sofascore
Zakaria Kassary,Pomocnik,FC Alverca,Portugalia,Liga Portugal,sofascore
Lucca Giuntini,Pomocnik,FC Alverca,Portugalia,Liga Portugal,flashscore~fuzzy
Julian Jose Martinez,Obrońca,FC Alverca,Portugalia,Liga Portugal,flashscore~fuzzy
Vladislav Morozov,Napastnik,FC Arouca,Portugalia,Liga Portugal,sofascore
Miguel Puche,Napastnik,FC Arouca,Portugalia,Liga Portugal,sofascore
Javi Sanchez,Obrońca,FC Arouca,Portugalia,Liga Portugal,sofascore
Tom Van De Looi,Pomocnik,Famalicao,Portugalia,Liga Portugal,flashscore~fuzzy
Gustavo Garcia,Obrońca,Famalicao,Portugalia,Liga Portugal,sofascore
Leo Realpe,Obrońca,Famalicao,Portugalia,Liga Portugal,sofascore
Renan Santana,Obrońca,Famalicao,Portugalia,Liga Portugal,sofascore
Samu Aghehowa,Napastnik,FC Porto,Portugalia,Liga Portugal,sofascore
Gabriel Veron,Napastnik,FC Porto,Portugalia,Liga Portugal,sofascore
Mateus Mide,Napastnik,FC Porto,Portugalia,Liga Portugal,sofascore
Eduardo Ferreira,Napastnik,FC Porto,Portugalia,Liga Portugal,sofascore
Ivan Jaime,Pomocnik,FC Porto,Portugalia,Liga Portugal,sofascore
Vasco Sousa,Pomocnik,FC Porto,Portugalia,Liga Portugal,sofascore
Zaidu Sanusi,Obrońca,FC Porto,Portugalia,Liga Portugal,sofascore
Yoan Pereira,Obrońca,FC Porto,Portugalia,Liga Portugal,sofascore
Hector Hernandez,Napastnik,Gil Vicente,Portugalia,Liga Portugal,flashscore~fuzzy
Walace dos Santos Franca,Napastnik,Gil Vicente,Portugalia,Liga Portugal,flashscore~fuzzy
Mohamed Kaba,Napastnik,Gil Vicente,Portugalia,Liga Portugal,sofascore
Santi Garcia,Pomocnik,Gil Vicente,Portugalia,Liga Portugal,sofascore
Gil Martins,Pomocnik,Gil Vicente,Portugalia,Liga Portugal,flashscore~fuzzy
Sergio Bermejo,Pomocnik,Gil Vicente,Portugalia,Liga Portugal,sofascore
Goncalo Maia Pereira,Pomocnik,Gil Vicente,Portugalia,Liga Portugal,flashscore~fuzzy
Marvin Elimbi Gilbert,Obrońca,Gil Vicente,Portugalia,Liga Portugal,flashscore~fuzzy
Francisco Gomes,Napastnik,CS Maritimo,Portugalia,Liga Portugal,flashscore~fuzzy
Rodrigo Andrade,Pomocnik,CS Maritimo,Portugalia,Liga Portugal,flashscore~fuzzy
Nathanael Ogbeta,Obrońca,CS Maritimo,Portugalia,Liga Portugal,sofascore
Rodrigo Borges,Obrońca,CS Maritimo,Portugalia,Liga Portugal,flashscore~fuzzy
Alexandre Parsemain,Napastnik,Moreirense,Portugalia,Liga Portugal,sofascore
Rodrigo Alonso,Pomocnik,Moreirense,Portugalia,Liga Portugal,sofascore
Guilherme Liberato,Pomocnik,Moreirense,Portugalia,Liga Portugal,sofascore
Henrique Sa,Obrońca,Moreirense,Portugalia,Liga Portugal,sofascore
Jesus Ramirez,Napastnik,CD Nacional,Portugalia,Liga Portugal,flashscore~fuzzy
Motez Nourani,Napastnik,CD Nacional,Portugalia,Liga Portugal,sofascore
Pablo Messias Cardozo,Napastnik,CD Nacional,Portugalia,Liga Portugal,sofascore
Martim Gustavo Watts,Napastnik,CD Nacional,Portugalia,Liga Portugal,sofascore
Mateus Jose Iseppe,Pomocnik,CD Nacional,Portugalia,Liga Portugal,flashscore~fuzzy
Daniel De la Cruz,Obrońca,CD Nacional,Portugalia,Liga Portugal,flashscore~fuzzy
Josue Souza,Pomocnik,CD Nacional,Portugalia,Liga Portugal,sofascore
Deivison Souza Brito,Pomocnik,CD Nacional,Portugalia,Liga Portugal,sofascore
Ulisses,Obrońca,CD Nacional,Portugalia,Liga Portugal,sofascore
Ivanildo Fernandes,Obrońca,CD Nacional,Portugalia,Liga Portugal,sofascore
Francisco Goncalves,Obrońca,CD Nacional,Portugalia,Liga Portugal,sofascore
Tamble Monteiro,Napastnik,Rio Ave,Portugalia,Liga Portugal,flashscore~fuzzy
Amine Rehmi,Napastnik,Rio Ave,Portugalia,Liga Portugal,sofascore
Samuel da Silva Alves,Napastnik,Rio Ave,Portugalia,Liga Portugal,sofascore
Brandon Aguilera,Pomocnik,Rio Ave,Portugalia,Liga Portugal,flashscore~fuzzy
Andreas Ndoj,Pomocnik,Rio Ave,Portugalia,Liga Portugal,sofascore
Marios Vrousai,Pomocnik,Rio Ave,Portugalia,Liga Portugal,sofascore
Gustavo Mancha,Obrońca,Rio Ave,Portugalia,Liga Portugal,sofascore
Luis Fernando,Napastnik,Santa Clara,Portugalia,Liga Portugal,sofascore
Rildo,Napastnik,Santa Clara,Portugalia,Liga Portugal,sofascore
Henrique Pereira,Napastnik,Santa Clara,Portugalia,Liga Portugal,sofascore
Joao Costa,Napastnik,Santa Clara,Portugalia,Liga Portugal,sofascore
Daniel Silva,Napastnik,Santa Clara,Portugalia,Liga Portugal,sofascore
Edney Henrique,Pomocnik,Santa Clara,Portugalia,Liga Portugal,sofascore
Joao Vasconcelos,Pomocnik,Santa Clara,Portugalia,Liga Portugal,sofascore
Douglas Borel,Pomocnik,Santa Clara,Portugalia,Liga Portugal,sofascore
Daniel Borges,Pomocnik,Santa Clara,Portugalia,Liga Portugal,sofascore
Miguel Pires,Pomocnik,Santa Clara,Portugalia,Liga Portugal,sofascore
Jose Tavares,Pomocnik,Santa Clara,Portugalia,Liga Portugal,flashscore~fuzzy
Pedro Jesus,Pomocnik,Santa Clara,Portugalia,Liga Portugal,sofascore
Isaac,Pomocnik,Santa Clara,Portugalia,Liga Portugal,sofascore
Matheus Araujo,Obrońca,Santa Clara,Portugalia,Liga Portugal,sofascore
Thauan Lara,Obrońca,Santa Clara,Portugalia,Liga Portugal,sofascore
Guilherme Romao,Obrońca,Santa Clara,Portugalia,Liga Portugal,sofascore
Sarara,Obrońca,Santa Clara,Portugalia,Liga Portugal,sofascore
Alysson Silva,Obrońca,Santa Clara,Portugalia,Liga Portugal,sofascore
Pedro Pacheco,Obrońca,Santa Clara,Portugalia,Liga Portugal,flashscore~fuzzy
Joao Marques,Napastnik,Sporting Braga,Portugalia,Liga Portugal,sofascore
Jean-Baptiste Gorby,Pomocnik,Sporting Braga,Portugalia,Liga Portugal,sofascore
Thiago Helguera,Pomocnik,Sporting Braga,Portugalia,Liga Portugal,sofascore
Gabriel Martinez,Pomocnik,Sporting Braga,Portugalia,Liga Portugal,sofascore
Francisco Chissumba,Pomocnik,Sporting Braga,Portugalia,Liga Portugal,sofascore
Luis Pinto,Pomocnik,Sporting Braga,Portugalia,Liga Portugal,sofascore
Adrian Leon Barisic,Obrońca,Sporting Braga,Portugalia,Liga Portugal,flashscore~fuzzy
Diogo Travassos,Obrońca,Sporting Braga,Portugalia,Liga Portugal,sofascore
Bartlomiej Wdowik,Obrońca,Sporting Braga,Portugalia,Liga Portugal,sofascore
Olamikun Adebisi Timileyin,Obrońca,Sporting Braga,Portugalia,Liga Portugal,sofascore
Rodrigo Silva,Obrońca,Sporting Braga,Portugalia,Liga Portugal,sofascore
Anisio Cabral,Napastnik,Benfica,Portugalia,Liga Portugal,sofascore
Henrique Araujo,Napastnik,Benfica,Portugalia,Liga Portugal,sofascore
Olivio Tome,Napastnik,Benfica,Portugalia,Liga Portugal,sofascore
Francisco Bernardes,Napastnik,Benfica,Portugalia,Liga Portugal,sofascore
Rafael Obrador,Pomocnik,Benfica,Portugalia,Liga Portugal,sofascore
Manu Silva,Pomocnik,Benfica,Portugalia,Liga Portugal,sofascore
Rafael Quintas,Pomocnik,Benfica,Portugalia,Liga Portugal,sofascore
Francisco Neto,Pomocnik,Benfica,Portugalia,Liga Portugal,sofascore
Joao Fonseca,Obrońca,Benfica,Portugalia,Liga Portugal,sofascore
Joao Capucho,Obrońca,Benfica,Portugalia,Liga Portugal,sofascore
Luis Javier Suarez,Napastnik,Sporting CP,Portugalia,Liga Portugal,flashscore~fuzzy
Rodrigo Zalazar,Pomocnik,Sporting CP,Portugalia,Liga Portugal,flashscore~fuzzy
Pedro Goncalves,Pomocnik,Sporting CP,Portugalia,Liga Portugal,sofascore
Sotiris Alexandropoulos,Pomocnik,Sporting CP,Portugalia,Liga Portugal,sofascore
Zaid Bafdili,Pomocnik,Sporting CP,Portugalia,Liga Portugal,sofascore
Koba Koindredi,Pomocnik,Sporting CP,Portugalia,Liga Portugal,sofascore
Rodrigo Rodrigues,Pomocnik,Sporting CP,Portugalia,Liga Portugal,sofascore
Rafael Mota,Obrońca,Sporting CP,Portugalia,Liga Portugal,sofascore
Afonso Lee,Obrońca,Sporting CP,Portugalia,Liga Portugal,sofascore
Gustavo Silva,Napastnik,Vitoria SC,Portugalia,Liga Portugal,sofascore
Vando Felix,Napastnik,Vitoria SC,Portugalia,Liga Portugal,sofascore
Dieu-Merci Michel,Napastnik,Vitoria SC,Portugalia,Liga Portugal,sofascore
Beni Mukendi,Pomocnik,Vitoria SC,Portugalia,Liga Portugal,sofascore
Marco Cruz,Pomocnik,Vitoria SC,Portugalia,Liga Portugal,sofascore
Yeimar Mosquera,Obrońca,Vitoria SC,Portugalia,Liga Portugal,flashscore~fuzzy
Joao Mendes,Obrońca,Vitoria SC,Portugalia,Liga Portugal,flashscore~fuzzy
Miguel Maga,Obrońca,Vitoria SC,Portugalia,Liga Portugal,sofascore
Rodrigo Abascal,Obrońca,Vitoria SC,Portugalia,Liga Portugal,flashscore~fuzzy
Oscar Rivas,Obrońca,Vitoria SC,Portugalia,Liga Portugal,flashscore~fuzzy
Aurelien Guernier,Napastnik,AC Milan,Włochy,Serie A,sofascore
Ismael Bennacer,Pomocnik,AC Milan,Włochy,Serie A,sofascore
Warren Bondo,Pomocnik,AC Milan,Włochy,Serie A,sofascore
Silvano Vos,Pomocnik,AC Milan,Włochy,Serie A,flashscore~fuzzy
Lorenzo Ossola,Pomocnik,AC Milan,Włochy,Serie A,sofascore
Valeri Ivanov Vladimirov,Obrońca,AC Milan,Włochy,Serie A,flashscore~fuzzy
Kevin Martins,Pomocnik,Monza,Włochy,Serie A,sofascore
Manga Foe Ondoa,Pomocnik,Monza,Włochy,Serie A,flashscore~fuzzy
Alessandro Berretta,Pomocnik,Monza,Włochy,Serie A,sofascore
Marco Buonaiuto,Pomocnik,Monza,Włochy,Serie A,sofascore
Mattia Attinasi,Pomocnik,Monza,Włochy,Serie A,sofascore
Lorenzo Colonnese,Obrońca,Monza,Włochy,Serie A,sofascore
Manuel Villa,Obrońca,Monza,Włochy,Serie A,sofascore
Riccardo Sottil,Napastnik,Fiorentina,Włochy,Serie A,sofascore
Federico Croci,Napastnik,Fiorentina,Włochy,Serie A,sofascore
Jacopo Tarantino,Napastnik,Fiorentina,Włochy,Serie A,sofascore
Simon Sohm,Pomocnik,Fiorentina,Włochy,Serie A,sofascore
Brando Mazzeo,Pomocnik,Fiorentina,Włochy,Serie A,sofascore
Mattia Ievoli,Pomocnik,Fiorentina,Włochy,Serie A,sofascore
Antonio Pirro,Pomocnik,Fiorentina,Włochy,Serie A,sofascore
Alex Jimenez,Obrońca,Fiorentina,Włochy,Serie A,sofascore
Matias Moreno,Obrońca,Fiorentina,Włochy,Serie A,sofascore
Nicolas Valentini,Obrońca,Fiorentina,Włochy,Serie A,sofascore
Alessandro Perrotti,Obrońca,Fiorentina,Włochy,Serie A,sofascore
Dennis Beldenti,Obrońca,Fiorentina,Włochy,Serie A,sofascore
Federico Melani,Obrońca,Fiorentina,Włochy,Serie A,sofascore
Luigi Cherubini,Napastnik,AS Roma,Włochy,Serie A,sofascore
Wesley,Pomocnik,AS Roma,Włochy,Serie A,sofascore
Mattia Mannini,Pomocnik,AS Roma,Włochy,Serie A,sofascore
Riccardo Pagano,Pomocnik,AS Roma,Włochy,Serie A,sofascore
Alessandro Di Nunzio,Pomocnik,AS Roma,Włochy,Serie A,sofascore
Francesco Panico,Pomocnik,AS Roma,Włochy,Serie A,sofascore
Anass Salah-Eddine,Obrońca,AS Roma,Włochy,Serie A,sofascore
Marash Kumbulla,Obrońca,AS Roma,Włochy,Serie A,sofascore
Filippo Reale,Obrońca,AS Roma,Włochy,Serie A,sofascore
Vanja Vlahovic,Napastnik,Atalanta,Włochy,Serie A,sofascore
Sulemana,Pomocnik,Atalanta,Włochy,Serie A,sofascore
Ljubo Puljic,Obrońca,Atalanta,Włochy,Serie A,sofascore
Giovanni Bonfanti,Obrońca,Atalanta,Włochy,Serie A,sofascore
Matteo Plaia,Obrońca,Atalanta,Włochy,Serie A,sofascore
Jesper Karlsson,Napastnik,Bologna,Włochy,Serie A,sofascore
Gennaro Anatriello,Napastnik,Bologna,Włochy,Serie A,sofascore
Marco Libra,Pomocnik,Bologna,Włochy,Serie A,sofascore
Kwesi Badori,Pomocnik,Bologna,Włochy,Serie A,sofascore
Elia Barbaro,Pomocnik,Bologna,Włochy,Serie A,sofascore
Abdel Rahim,Obrońca,Bologna,Włochy,Serie A,sofascore
Torbjorn Heggem,Obrońca,Bologna,Włochy,Serie A,flashscore~fuzzy
Eivind Helland,Obrońca,Bologna,Włochy,Serie A,flashscore~fuzzy
Lorenzo De Silvestri,Obrońca,Bologna,Włochy,Serie A,sofascore
Ali Jaber,Obrońca,Bologna,Włochy,Serie A,sofascore
Dimitar Papazov,Obrońca,Bologna,Włochy,Serie A,sofascore
Demi Akarakiri,Pomocnik,Cagliari,Włochy,Serie A,sofascore
Ze Pedro,Obrońca,Cagliari,Włochy,Serie A,sofascore
Davide Veroli,Obrońca,Cagliari,Włochy,Serie A,sofascore
Francesco Gallea Beidi,Obrońca,Cagliari,Włochy,Serie A,sofascore
Ivan Azon,Napastnik,Como,Włochy,Serie A,sofascore
Tommaso Fumagalli,Napastnik,Como,Włochy,Serie A,sofascore
Marlon Mustapha,Napastnik,Como,Włochy,Serie A,sofascore
Thomas Diego Altomonte,Napastnik,Como,Włochy,Serie A,sofascore
Ali Jasim,Pomocnik,Como,Włochy,Serie A,sofascore
Luca Mazzitelli,Pomocnik,Como,Włochy,Serie A,sofascore
Matthias Braunoder,Pomocnik,Como,Włochy,Serie A,sofascore
Andrea Le Borgne,Pomocnik,Como,Włochy,Serie A,sofascore
Fabio Rispoli,Pomocnik,Como,Włochy,Serie A,sofascore
Jacopo Simonetta,Pomocnik,Como,Włochy,Serie A,sofascore
Stefan Posch,Obrońca,Como,Włochy,Serie A,sofascore
Marc Kempf,Obrońca,Como,Włochy,Serie A,flashscore~fuzzy
Antonio Raimondo,Napastnik,Frosinone,Włochy,Serie A,sofascore
Alejandro Cichero,Napastnik,Frosinone,Włochy,Serie A,sofascore
Sergio Kalaj,Obrońca,Frosinone,Włochy,Serie A,sofascore
Junior Messias,Napastnik,Genoa,Włochy,Serie A,sofascore
Joi Xheto Nuredini,Napastnik,Genoa,Włochy,Serie A,flashscore~fuzzy
Alessandro Debenedetti,Napastnik,Genoa,Włochy,Serie A,sofascore
Gabriele Pessolani,Napastnik,Genoa,Włochy,Serie A,sofascore
Tommaso Baldanzi,Pomocnik,Genoa,Włochy,Serie A,sofascore
Hugo Cuenca,Pomocnik,Genoa,Włochy,Serie A,flashscore~fuzzy
Alexsandro Amorim,Pomocnik,Genoa,Włochy,Serie A,sofascore
Mikael Ellertsson,Pomocnik,Genoa,Włochy,Serie A,flashscore~fuzzy
Chec Bebel Doumbia,Pomocnik,Genoa,Włochy,Serie A,sofascore
Matteo Gibertini,Pomocnik,Genoa,Włochy,Serie A,sofascore
Alan Matturro,Obrońca,Genoa,Włochy,Serie A,sofascore
Lukas Klisys,Obrońca,Genoa,Włochy,Serie A,sofascore
Jamal Iddrissou,Napastnik,Inter,Włochy,Serie A,sofascore
Kristjan Asllani,Pomocnik,Inter,Włochy,Serie A,sofascore
Yanis Massolin,Pomocnik,Inter,Włochy,Serie A,sofascore
Mattia Marello,Obrońca,Inter,Włochy,Serie A,sofascore
Leonardo Bovio,Obrońca,Inter,Włochy,Serie A,sofascore
Naja Mihelic,Obrońca,Inter,Włochy,Serie A,sofascore
Adin Licina,Napastnik,Juventus,Włochy,Serie A,sofascore
Justin Oboavwoduo,Napastnik,Juventus,Włochy,Serie A,sofascore
Arman Durmisi,Napastnik,Juventus,Włochy,Serie A,sofascore
Nicolas Gonzalez,Pomocnik,Juventus,Włochy,Serie A,sofascore
Arthur,Pomocnik,Juventus,Włochy,Serie A,sofascore
Augusto Owusu,Pomocnik,Juventus,Włochy,Serie A,sofascore
Shane van Aarle,Obrońca,Juventus,Włochy,Serie A,sofascore
Sana Fernandes,Napastnik,Lazio,Włochy,Serie A,sofascore
Gabriele Artistico,Napastnik,Lazio,Włochy,Serie A,sofascore
Federico Serra,Napastnik,Lazio,Włochy,Serie A,sofascore
Romano Floriani Mussolini,Obrońca,Lazio,Włochy,Serie A,flashscore~fuzzy
Leonardo Di Tommaso,Pomocnik,Lazio,Włochy,Serie A,sofascore
Mohamed Fares,Obrońca,Lazio,Włochy,Serie A,sofascore
Matija Frigan,Napastnik,Parma,Włochy,Serie A,sofascore
Antoine Joujou,Napastnik,Parma,Włochy,Serie A,sofascore
Adrian Bernabe,Pomocnik,Parma,Włochy,Serie A,flashscore~fuzzy
Rachid Kouda,Pomocnik,Parma,Włochy,Serie A,sofascore
Abdou-Salam Konate,Pomocnik,Parma,Włochy,Serie A,sofascore
Botond Balogh,Obrońca,Parma,Włochy,Serie A,sofascore
Peter Amoran,Obrońca,Parma,Włochy,Serie A,sofascore
Luca D'Andrea,Napastnik,Sassuolo,Włochy,Serie A,sofascore
Flavio Russo,Napastnik,Sassuolo,Włochy,Serie A,sofascore
Patrick Amiamo Nuamah,Napastnik,Sassuolo,Włochy,Serie A,flashscore~fuzzy
Justin Kumi,Pomocnik,Sassuolo,Włochy,Serie A,sofascore
Fabrizio Caligara,Pomocnik,Sassuolo,Włochy,Serie A,sofascore
Fali Cande,Obrońca,Sassuolo,Włochy,Serie A,sofascore
Edoardo Pieragnolo,Obrońca,Sassuolo,Włochy,Serie A,sofascore
Francesco Corradini,Obrońca,Sassuolo,Włochy,Serie A,sofascore
Alessandro Di Bitonto,Obrońca,Sassuolo,Włochy,Serie A,sofascore
Noa Lang,Napastnik,SSC Napoli,Włochy,Serie A,sofascore
David Neres,Napastnik,SSC Napoli,Włochy,Serie A,sofascore
Cyril Ngonge,Napastnik,SSC Napoli,Włochy,Serie A,sofascore
Lorenzo Sgarbi,Napastnik,SSC Napoli,Włochy,Serie A,sofascore
Antonio Cioffi,Napastnik,SSC Napoli,Włochy,Serie A,sofascore
Milton Pereyra,Napastnik,SSC Napoli,Włochy,Serie A,sofascore
Gianluca Vigliotti,Napastnik,SSC Napoli,Włochy,Serie A,sofascore
Jens-Lys Cajuste,Pomocnik,SSC Napoli,Włochy,Serie A,sofascore
Coli Saco,Pomocnik,SSC Napoli,Włochy,Serie A,sofascore
Gennaro Iaccarino,Pomocnik,SSC Napoli,Włochy,Serie A,sofascore
Lorenzo Russo,Pomocnik,SSC Napoli,Włochy,Serie A,sofascore
Nosa Edward Obaretin,Obrońca,SSC Napoli,Włochy,Serie A,flashscore~fuzzy
Luigi D'Avino,Obrońca,SSC Napoli,Włochy,Serie A,sofascore
Pietro Pellegri,Napastnik,Torino,Włochy,Serie A,sofascore
Cristian Padula,Napastnik,Torino,Włochy,Serie A,sofascore
Tino Anjorin,Pomocnik,Torino,Włochy,Serie A,sofascore
Alessio Cacciamani,Pomocnik,Torino,Włochy,Serie A,sofascore
Aaron Ciammaglichella,Pomocnik,Torino,Włochy,Serie A,sofascore
Andrea Luongo,Pomocnik,Torino,Włochy,Serie A,sofascore
Zalan Kugyela,Pomocnik,Torino,Włochy,Serie A,sofascore
Marco Dalla Vecchia,Pomocnik,Torino,Włochy,Serie A,sofascore
Tommaso Di Marco,Pomocnik,Torino,Włochy,Serie A,sofascore
Alessandro Dellavalle,Obrońca,Torino,Włochy,Serie A,sofascore
Manuel Carrascosa,Obrońca,Torino,Włochy,Serie A,sofascore
Martin Payero,Pomocnik,Udinese,Włochy,Serie A,sofascore
Rui Modesto,Pomocnik,Udinese,Włochy,Serie A,sofascore
Leonardo Buta,Obrońca,Udinese,Włochy,Serie A,sofascore
N'Dri Konan,Napastnik,Lecce,Włochy,Serie A,sofascore
Milos Jovic,Napastnik,Lecce,Włochy,Serie A,sofascore
Divine Onyemachi,Napastnik,Lecce,Włochy,Serie A,sofascore
Medon Berisha,Pomocnik,Lecce,Włochy,Serie A,sofascore
Mohamed Kaba,Pomocnik,Lecce,Włochy,Serie A,sofascore
Ed McJannet,Pomocnik,Lecce,Włochy,Serie A,sofascore
Christ-Owen Kouassi,Obrońca,Lecce,Włochy,Serie A,sofascore
Sebastian Esposito,Obrońca,Lecce,Włochy,Serie A,sofascore
Vernon Addo,Obrońca,Lecce,Włochy,Serie A,sofascore
Antonio Casas,Napastnik,Venezia,Włochy,Serie A,flashscore~fuzzy
Alvin Obinna Okoro,Pomocnik,Venezia,Włochy,Serie A,flashscore~fuzzy
Mohamed Malang Toure,Napastnik,Venezia,Włochy,Serie A,sofascore
Saad El Haddad,Pomocnik,Venezia,Włochy,Serie A,sofascore
Simone Panada,Pomocnik,Venezia,Włochy,Serie A,sofascore
Edoardo Mariani,Pomocnik,Venezia,Włochy,Serie A,sofascore
Simone Ascione,Pomocnik,Venezia,Włochy,Serie A,sofascore
Federico Tavernaro,Pomocnik,Venezia,Włochy,Serie A,sofascore
Nicolo Berengo,Pomocnik,Venezia,Włochy,Serie A,sofascore
Thierry Correia,Obrońca,Venezia,Włochy,Serie A,sofascore
Junior Ligue,Obrońca,Venezia,Włochy,Serie A,sofascore
Giorgio Altare,Obrońca,Venezia,Włochy,Serie A,sofascore
Franck Ahmed Sidibe,Obrońca,Venezia,Włochy,Serie A,flashscore~fuzzy
Dante Vanzeir,Napastnik,Cercle Brugge,Belgia,Pro League,sofascore
Abdoul Kader Ouattara,Napastnik,Cercle Brugge,Belgia,Pro League,sofascore
Makaya Ibrahima Diaby,Pomocnik,Cercle Brugge,Belgia,Pro League,flashscore~fuzzy
Erick Nunes,Pomocnik,Cercle Brugge,Belgia,Pro League,sofascore
Alama Bayo,Pomocnik,Cercle Brugge,Belgia,Pro League,sofascore
Valy Konate,Obrońca,Cercle Brugge,Belgia,Pro League,sofascore
Jonas Lietaert,Obrońca,Cercle Brugge,Belgia,Pro League,sofascore
Elijah Ly,Napastnik,Club Brugge KV,Belgia,Pro League,sofascore
Gianluca Okon-Engstler,Pomocnik,Club Brugge KV,Belgia,Pro League,sofascore
Naim Amengai,Pomocnik,Club Brugge KV,Belgia,Pro League,sofascore
Joaquin Seys,Obrońca,Club Brugge KV,Belgia,Pro League,sofascore
Andre Garcia,Obrońca,Club Brugge KV,Belgia,Pro League,sofascore
Max Dean,Napastnik,KAA Gent,Belgia,Pro League,sofascore
Ibrahima Cisse,Napastnik,KAA Gent,Belgia,Pro League,sofascore
Abdelkahar Kadri,Pomocnik,KAA Gent,Belgia,Pro League,sofascore
Mathias Delorge,Pomocnik,KAA Gent,Belgia,Pro League,sofascore
Matisse Samoise,Pomocnik,KAA Gent,Belgia,Pro League,sofascore
Leonardo Lopes,Pomocnik,KAA Gent,Belgia,Pro League,flashscore~fuzzy
Pieter Gerkens,Pomocnik,KAA Gent,Belgia,Pro League,sofascore
Abdul Ayinde,Obrońca,KAA Gent,Belgia,Pro League,sofascore
Mouhamed El Ngom,Obrońca,KAA Gent,Belgia,Pro League,flashscore~fuzzy
Yira Collins Sor,Napastnik,KRC Genk,Belgia,Pro League,flashscore~fuzzy
Ibrahima Sory Bangoura,Pomocnik,KRC Genk,Belgia,Pro League,flashscore~fuzzy
Jelle Driessen,Pomocnik,KRC Genk,Belgia,Pro League,sofascore
Tinus Moorthamer,Pomocnik,KRC Genk,Belgia,Pro League,sofascore
Josue Ndenge Kongolo,Obrońca,KRC Genk,Belgia,Pro League,flashscore~fuzzy
Sami El Morabet,Obrońca,KRC Genk,Belgia,Pro League,sofascore
Wout Kapers,Obrońca,KRC Genk,Belgia,Pro League,sofascore
Nayel Mehssatou,Obrońca,KV Kortrijk,Belgia,Pro League,flashscore~fuzzy
Csanad Vilmos Denes,Pomocnik,KV Kortrijk,Belgia,Pro League,sofascore
Fuhna Nsolo,Obrońca,KV Kortrijk,Belgia,Pro League,flashscore~fuzzy
David Amegnaglo,Napastnik,KVC Westerlo,Belgia,Pro League,sofascore
Karol Borys,Pomocnik,KVC Westerlo,Belgia,Pro League,sofascore
Serhiy Sydorchuk,Pomocnik,KVC Westerlo,Belgia,Pro League,sofascore
Lucas Mbamba,Obrońca,KVC Westerlo,Belgia,Pro League,sofascore
Karim Dermane,Napastnik,Lommel SK,Belgia,Pro League,sofascore
Filip Krastev,Pomocnik,Lommel SK,Belgia,Pro League,sofascore
Mohamed Salah El Boukammiri,Napastnik,Lommel SK,Belgia,Pro League,flashscore~fuzzy
Leon Lalic,Pomocnik,Lommel SK,Belgia,Pro League,sofascore
Dorde Gordic,Pomocnik,Lommel SK,Belgia,Pro League,sofascore
Daniel Negry-McGrath,Pomocnik,Lommel SK,Belgia,Pro League,sofascore
Jhon Banguera,Obrońca,Lommel SK,Belgia,Pro League,flashscore~fuzzy
Mouhamed Belkheir,Napastnik,RAAL La Louviere,Belgia,Pro League,sofascore
Mohamed Guindo,Napastnik,RAAL La Louviere,Belgia,Pro League,sofascore
Timeo Kerckhofs,Napastnik,RAAL La Louviere,Belgia,Pro League,sofascore
Mohamed Habib N'Diaye,Obrońca,RAAL La Louviere,Belgia,Pro League,sofascore
Teo Logghe,Obrońca,RAAL La Louviere,Belgia,Pro League,sofascore
Geoffry Hairemans,Napastnik,Royal Antwerp FC,Belgia,Pro League,sofascore
Gabriel Jesus David,Napastnik,Royal Antwerp FC,Belgia,Pro League,sofascore
Toon Franssen,Napastnik,Royal Antwerp FC,Belgia,Pro League,sofascore
Aaron Ibrahim,Obrońca,Royal Antwerp FC,Belgia,Pro League,sofascore
Yassine Titraoui,Pomocnik,RC Sporting Charleroi,Belgia,Pro League,sofascore
Jakob Napoleon Romsaas,Napastnik,RC Sporting Charleroi,Belgia,Pro League,flashscore~fuzzy
Rafael Teugels,Obrońca,RC Sporting Charleroi,Belgia,Pro League,sofascore
Noa Thomas Ojea Cobiella,Pomocnik,RSC Anderlecht,Belgia,Pro League,flashscore~fuzzy
Cesar Huerta,Napastnik,RSC Anderlecht,Belgia,Pro League,flashscore~fuzzy
Nathan-Dylan Saliba,Pomocnik,RSC Anderlecht,Belgia,Pro League,sofascore
Majeed Ashimeru,Pomocnik,RSC Anderlecht,Belgia,Pro League,sofascore
Joshua Nga Kana,Pomocnik,RSC Anderlecht,Belgia,Pro League,flashscore~fuzzy
Cedric Hatenboer,Pomocnik,RSC Anderlecht,Belgia,Pro League,sofascore
Alexis Flips,Pomocnik,RSC Anderlecht,Belgia,Pro League,sofascore
Noah Kalonji,Pomocnik,RSC Anderlecht,Belgia,Pro League,flashscore~fuzzy
Lucas Hey,Obrońca,RSC Anderlecht,Belgia,Pro League,flashscore~fuzzy
Thomas Foket,Obrońca,RSC Anderlecht,Belgia,Pro League,sofascore
Ilyes Najim,Napastnik,SK Beveren,Belgia,Pro League,sofascore
Francesco Frattaruolo,Napastnik,SK Beveren,Belgia,Pro League,sofascore
Tibe Sjongers,Pomocnik,SK Beveren,Belgia,Pro League,sofascore
Tibe S'Jongers,Pomocnik,SK Beveren,Belgia,Pro League,sofascore
Erjon Salii,Pomocnik,SK Beveren,Belgia,Pro League,sofascore
Noah Mawete Kinsiona,Pomocnik,SK Beveren,Belgia,Pro League,flashscore~fuzzy
Dominic Thompson,Obrońca,SK Beveren,Belgia,Pro League,sofascore
Warre Moenaert,Obrońca,SK Beveren,Belgia,Pro League,sofascore
Andres Ferrari,Napastnik,Sint-Truidense VV,Belgia,Pro League,sofascore
Jay David Mbalanda,Napastnik,Sint-Truidense VV,Belgia,Pro League,sofascore
Ben Achour Ilyes,Pomocnik,Sint-Truidense VV,Belgia,Pro League,sofascore
Hugo Lambotte,Obrońca,Sint-Truidense VV,Belgia,Pro League,sofascore
Dennis Eckert Ayensa,Napastnik,Standard Liege,Belgia,Pro League,flashscore~fuzzy
Grejohn Kyei,Napastnik,Standard Liege,Belgia,Pro League,sofascore
Mo El Hankouri,Pomocnik,Standard Liege,Belgia,Pro League,sofascore
Bosko Sutalo,Obrońca,Standard Liege,Belgia,Pro League,sofascore
Noa Sy,Obrońca,Standard Liege,Belgia,Pro League,sofascore
Akpa Chukwu Hemsley,Napastnik,SV Zulte Waregem,Belgia,Pro League,sofascore
Dylan Demuynck,Napastnik,SV Zulte Waregem,Belgia,Pro League,sofascore
Jevon Simons,Pomocnik,SV Zulte Waregem,Belgia,Pro League,sofascore
Mouhamadou Sall,Obrońca,SV Zulte Waregem,Belgia,Pro League,sofascore
Sekou Keita,Napastnik,Royale Union Saint-Gilloise,Belgia,Pro League,sofascore
Cristian Makate,Napastnik,Royale Union Saint-Gilloise,Belgia,Pro League,flashscore~fuzzy
Mamadou Barry,Obrońca,Royale Union Saint-Gilloise,Belgia,Pro League,flashscore~fuzzy
Dikeni Salifou,Pomocnik,KV Mechelen,Belgia,Pro League,sofascore
Cedric Jan Van Meirvenne,Napastnik,KV Mechelen,Belgia,Pro League,flashscore~fuzzy
Oliver Valaker Edvardsen,Napastnik,AFC Ajax,Holandia,Eredivisie,flashscore~fuzzy
Amourricho van Axel-Dongen,Napastnik,AFC Ajax,Holandia,Eredivisie,sofascore
Pharrel Nash,Napastnik,AFC Ajax,Holandia,Eredivisie,sofascore
Marvyn Muzungu,Obrońca,AFC Ajax,Holandia,Eredivisie,sofascore
Mayckel Lahdo,Napastnik,AZ Alkmaar,Holandia,Eredivisie,sofascore
Isak Steiner Jensen,Napastnik,AZ Alkmaar,Holandia,Eredivisie,flashscore~fuzzy
Wassim Bouziane,Pomocnik,AZ Alkmaar,Holandia,Eredivisie,sofascore
Mateo Chavez,Pomocnik,AZ Alkmaar,Holandia,Eredivisie,flashscore~fuzzy
Alexandre Penetra,Obrońca,AZ Alkmaar,Holandia,Eredivisie,sofascore
Isaque Sousa Monte,Napastnik,Excelsior,Holandia,Eredivisie,sofascore
Nacho Corral Senar,Napastnik,Excelsior,Holandia,Eredivisie,sofascore
Giuliano Cairo,Obrońca,Excelsior,Holandia,Eredivisie,sofascore
Brynjolfur Darri Willumsson,Napastnik,FC Groningen,Holandia,Eredivisie,flashscore~fuzzy
Christopher Fafiani,Obrońca,FC Groningen,Holandia,Eredivisie,sofascore
Jesper Mosselaar,Obrońca,FC Groningen,Holandia,Eredivisie,sofascore
Sayfallah Ltaief,Napastnik,FC Twente,Holandia,Eredivisie,sofascore
Gijs Besselink,Pomocnik,FC Twente,Holandia,Eredivisie,sofascore
Mees Hilgers,Obrońca,FC Twente,Holandia,Eredivisie,sofascore
Julien Mesbahi,Obrońca,FC Twente,Holandia,Eredivisie,sofascore
Max Bruns,Obrońca,FC Twente,Holandia,Eredivisie,sofascore
Bjorn Titulaer,Obrońca,FC Twente,Holandia,Eredivisie,sofascore
Miliano Jonathans,Napastnik,FC Utrecht,Holandia,Eredivisie,sofascore
Artem Stepanov,Napastnik,FC Utrecht,Holandia,Eredivisie,sofascore
Noah Ohio,Napastnik,FC Utrecht,Holandia,Eredivisie,sofascore
Emmanuel Owen,Napastnik,FC Utrecht,Holandia,Eredivisie,flashscore~fuzzy
Victor Jensen,Pomocnik,FC Utrecht,Holandia,Eredivisie,sofascore
Arthur Zagre,Obrońca,FC Utrecht,Holandia,Eredivisie,sofascore
Emeka Adeile,Obrońca,FC Utrecht,Holandia,Eredivisie,sofascore
Niklas Vesterlund,Obrońca,FC Utrecht,Holandia,Eredivisie,flashscore~fuzzy
Neville Nwankwo,Obrońca,FC Utrecht,Holandia,Eredivisie,flashscore~fuzzy
Driss Laaouina,Obrońca,FC Utrecht,Holandia,Eredivisie,sofascore
Noel Beulens,Obrońca,FC Utrecht,Holandia,Eredivisie,sofascore
Nacho Ferri,Napastnik,Feyenoord,Holandia,Eredivisie,sofascore
Jivayno Zinhagel,Napastnik,Feyenoord,Holandia,Eredivisie,sofascore
Ilian Hadidi,Pomocnik,Feyenoord,Holandia,Eredivisie,sofascore
Jeremiah St Juste,Obrońca,Feyenoord,Holandia,Eredivisie,sofascore
Thomas Beelen,Obrońca,Feyenoord,Holandia,Eredivisie,sofascore
Tijme Wessels,Obrońca,Feyenoord,Holandia,Eredivisie,sofascore
Twan Schens,Obrońca,Feyenoord,Holandia,Eredivisie,sofascore
Boaz Plantinga,Obrońca,Feyenoord,Holandia,Eredivisie,sofascore
Ole Romeny,Napastnik,Fortuna Sittard,Holandia,Eredivisie,flashscore~fuzzy
Mohamed Ihattaren,Pomocnik,Fortuna Sittard,Holandia,Eredivisie,sofascore
Ivan Marquez,Obrońca,Fortuna Sittard,Holandia,Eredivisie,flashscore~fuzzy
Oskar Siira Sivertsen,Napastnik,Go Ahead Eagles,Holandia,Eredivisie,flashscore~fuzzy
Yassir Rahmouni,Pomocnik,Go Ahead Eagles,Holandia,Eredivisie,flashscore~fuzzy
Robbin Weijenberg,Pomocnik,Go Ahead Eagles,Holandia,Eredivisie,sofascore
Dean James,Obrońca,Go Ahead Eagles,Holandia,Eredivisie,flashscore~fuzzy
Gerrit Nauber,Obrońca,Go Ahead Eagles,Holandia,Eredivisie,sofascore
Pim Saathof,Obrońca,Go Ahead Eagles,Holandia,Eredivisie,sofascore
Tjaronn Chery,Napastnik,NEC Nijmegen,Holandia,Eredivisie,sofascore
Isak Hansen Aaroen,Pomocnik,NEC Nijmegen,Holandia,Eredivisie,sofascore
Dirk Wanner Proper,Pomocnik,NEC Nijmegen,Holandia,Eredivisie,flashscore~fuzzy
Givaro Renwarin,Pomocnik,PEC Zwolle,Holandia,Eredivisie,sofascore
Sherel Constancio Floranus,Obrońca,PEC Zwolle,Holandia,Eredivisie,flashscore~fuzzy
Myron Boadu,Napastnik,PSV Eindhoven,Holandia,Eredivisie,sofascore
Isaac Babadi,Pomocnik,PSV Eindhoven,Holandia,Eredivisie,sofascore
Shuryjano Cornecion,Pomocnik,PSV Eindhoven,Holandia,Eredivisie,sofascore
Gino Verhulst,Pomocnik,PSV Eindhoven,Holandia,Eredivisie,sofascore
Boet Mulders,Pomocnik,PSV Eindhoven,Holandia,Eredivisie,sofascore
Madi Monamay,Obrońca,PSV Eindhoven,Holandia,Eredivisie,sofascore
Essien Bassey,Obrońca,PSV Eindhoven,Holandia,Eredivisie,sofascore
Derryl Hupsel,Napastnik,SC Cambuur,Holandia,Eredivisie,sofascore
Daan Visser,Pomocnik,SC Cambuur,Holandia,Eredivisie,sofascore
Kick Eerhart,Pomocnik,SC Cambuur,Holandia,Eredivisie,sofascore
Buddy Vogelzang,Obrońca,SC Cambuur,Holandia,Eredivisie,sofascore
Zakaria El Kachati,Napastnik,SC Heerenveen,Holandia,Eredivisie,sofascore
Geert Jelke Gielstra,Napastnik,SC Heerenveen,Holandia,Eredivisie,sofascore
Levi Smans,Pomocnik,SC Heerenveen,Holandia,Eredivisie,sofascore
Kobus Bruinsma,Pomocnik,SC Heerenveen,Holandia,Eredivisie,sofascore
Nikolai Soyset Hopland,Obrońca,SC Heerenveen,Holandia,Eredivisie,flashscore~fuzzy
Noah Visbeen,Obrońca,SC Heerenveen,Holandia,Eredivisie,sofascore
Fabiano Rust,Napastnik,SC Telstar,Holandia,Eredivisie,flashscore~fuzzy
Gerald Alders,Obrońca,SC Telstar,Holandia,Eredivisie,sofascore
Marvin Peersman,Obrońca,SC Telstar,Holandia,Eredivisie,sofascore
Lushendry Edward Martes,Obrońca,Sparta Rotterdam,Holandia,Eredivisie,flashscore~fuzzy
Amine Lachkar,Pomocnik,Willem II Tilburg,Holandia,Eredivisie,sofascore
Jari Schuurman,Pomocnik,Willem II Tilburg,Holandia,Eredivisie,sofascore
Nathan Tjoe-A-On,Obrońca,Willem II Tilburg,Holandia,Eredivisie,sofascore
Amine Et-Taibi,Obrońca,Willem II Tilburg,Holandia,Eredivisie,sofascore
Peter Gonzalez,Pomocnik,Gornik Zabrze,Polska,Ekstraklasa,sofascore
Massimo,Pomocnik,Gornik Zabrze,Polska,Ekstraklasa,sofascore
Marcel Kalemba,Pomocnik,Gornik Zabrze,Polska,Ekstraklasa,sofascore
Natan Dziegielewski,Pomocnik,Gornik Zabrze,Polska,Ekstraklasa,sofascore
Ksawery Semik,Pomocnik,Gornik Zabrze,Polska,Ekstraklasa,sofascore
Radoslaw Szafranski,Obrońca,Gornik Zabrze,Polska,Ekstraklasa,sofascore
Manu,Napastnik,Radomiak Radom,Polska,Ekstraklasa,sofascore
Conrado Buchanelli,Obrońca,Radomiak Radom,Polska,Ekstraklasa,sofascore
Adrian Dieguez,Obrońca,Radomiak Radom,Polska,Ekstraklasa,flashscore~fuzzy
Jime,Pomocnik,Wisla Plock,Polska,Ekstraklasa,sofascore
Matsvei Bakhno,Obrońca,Wisla Plock,Polska,Ekstraklasa,sofascore
Marcus Haglind Sangre,Obrońca,Wisla Plock,Polska,Ekstraklasa,sofascore
Maksim Konanau,Napastnik,Jagiellonia Bialystok,Polska,Ekstraklasa,sofascore
Aziel Jackson,Pomocnik,Jagiellonia Bialystok,Polska,Ekstraklasa,sofascore
Olaf Pawelczyk,Pomocnik,Jagiellonia Bialystok,Polska,Ekstraklasa,sofascore
Adrian Duchnowski,Obrońca,Jagiellonia Bialystok,Polska,Ekstraklasa,sofascore
Stanislaw Gieroba,Napastnik,Legia Warszawa,Polska,Ekstraklasa,sofascore
Aleksander Wyganowski,Pomocnik,Legia Warszawa,Polska,Ekstraklasa,sofascore
Eryk Mikanovich,Pomocnik,Legia Warszawa,Polska,Ekstraklasa,sofascore
Robert Deziel Jr.,Obrońca,Legia Warszawa,Polska,Ekstraklasa,flashscore~fuzzy
Mateusz Lauryn,Obrońca,Legia Warszawa,Polska,Ekstraklasa,sofascore
Christopher Simon,Pomocnik,Motor Lublin,Polska,Ekstraklasa,sofascore
Kacper Szymanek,Pomocnik,Motor Lublin,Polska,Ekstraklasa,sofascore
Marek Kristian Bartos,Obrońca,Motor Lublin,Polska,Ekstraklasa,flashscore~fuzzy
Nikodem Stachowicz,Napastnik,Widzew Lodz,Polska,Ekstraklasa,sofascore
Fran Alvarez,Pomocnik,Widzew Lodz,Polska,Ekstraklasa,sofascore
Angel Baena,Napastnik,Widzew Lodz,Polska,Ekstraklasa,flashscore~fuzzy
Leon Madej,Pomocnik,Widzew Lodz,Polska,Ekstraklasa,sofascore
Kajetan Radomski,Pomocnik,Widzew Lodz,Polska,Ekstraklasa,sofascore
Pawel Kwiatkowski,Obrońca,Widzew Lodz,Polska,Ekstraklasa,sofascore
Bryan Fiabema,Napastnik,Lech Poznan,Polska,Ekstraklasa,sofascore
Kamil Jakobczyk,Napastnik,Lech Poznan,Polska,Ekstraklasa,sofascore
Patryk Kowalski,Obrońca,Lech Poznan,Polska,Ekstraklasa,sofascore
Amir Al-Ammari,Pomocnik,KS Cracovia,Polska,Ekstraklasa,sofascore
Dawid Polak,Pomocnik,KS Cracovia,Polska,Ekstraklasa,sofascore
Ilia Shkurin,Napastnik,GKS Katowice,Polska,Ekstraklasa,sofascore
Filip Rejczyk,Pomocnik,GKS Katowice,Polska,Ekstraklasa,sofascore
Kacper Cwielong,Pomocnik,GKS Katowice,Polska,Ekstraklasa,sofascore
Aleksander Paluszek,Obrońca,GKS Katowice,Polska,Ekstraklasa,sofascore
Jordi Sanchez,Napastnik,Wisla Krakow,Polska,Ekstraklasa,flashscore~fuzzy
Bartosz Talar,Napastnik,Wisla Krakow,Polska,Ekstraklasa,sofascore
Piotr Starzynski,Pomocnik,Wisla Krakow,Polska,Ekstraklasa,sofascore
Oliwier Plawinski,Pomocnik,Wisla Krakow,Polska,Ekstraklasa,sofascore
Bartosz Jaroch,Obrońca,Wisla Krakow,Polska,Ekstraklasa,sofascore
Kacper Skrobanski,Obrońca,Wisla Krakow,Polska,Ekstraklasa,sofascore
Samuel Ntamack Ndimba,Napastnik,Piast Gliwice,Polska,Ekstraklasa,flashscore~fuzzy
Mateusz Kopczynski,Pomocnik,Piast Gliwice,Polska,Ekstraklasa,sofascore
Kamil Lubowiecki,Pomocnik,Piast Gliwice,Polska,Ekstraklasa,sofascore
Justin Daniel,Pomocnik,Piast Gliwice,Polska,Ekstraklasa,sofascore
Ema Twumasi,Obrońca,Piast Gliwice,Polska,Ekstraklasa,sofascore
Juande Rivas,Obrońca,Piast Gliwice,Polska,Ekstraklasa,sofascore
Piotr Liszewski,Obrońca,Piast Gliwice,Polska,Ekstraklasa,sofascore
Michalis Kosidis,Napastnik,Zaglebie Lubin,Polska,Ekstraklasa,sofascore
Mohamed Lamine Diaby,Napastnik,Rakow Czestochowa,Polska,Ekstraklasa,sofascore
Wladyslaw Kocherhin,Pomocnik,Rakow Czestochowa,Polska,Ekstraklasa,sofascore
Jesus Diaz,Pomocnik,Rakow Czestochowa,Polska,Ekstraklasa,sofascore
Abraham Emmanuel Ojo,Pomocnik,Rakow Czestochowa,Polska,Ekstraklasa,flashscore~fuzzy
Didi Gaucho,Obrońca,Rakow Czestochowa,Polska,Ekstraklasa,sofascore
Antoni Kociniewski,Obrońca,Rakow Czestochowa,Polska,Ekstraklasa,sofascore
Miguel Villar Miki,Napastnik,Wieczysta Krakow,Polska,Ekstraklasa,flashscore~fuzzy
Malaly Dembele,Napastnik,Slask Wroclaw,Polska,Ekstraklasa,flashscore~fuzzy
Milosz Kozak,Pomocnik,Slask Wroclaw,Polska,Ekstraklasa,sofascore
Lukasz Zajaczkowski,Pomocnik,Slask Wroclaw,Polska,Ekstraklasa,sofascore
Jan Janiszewski,Pomocnik,Slask Wroclaw,Polska,Ekstraklasa,sofascore
Alex Timossi Andersson,Pomocnik,Slask Wroclaw,Polska,Ekstraklasa,flashscore~fuzzy
Kacper Kucharczyk,Napastnik,MKS Korona Kielce,Polska,Ekstraklasa,sofascore
Milosz Strzebonski,Pomocnik,MKS Korona Kielce,Polska,Ekstraklasa,sofascore
Constantinos Sotiriou,Obrońca,MKS Korona Kielce,Polska,Ekstraklasa,sofascore
Rajmund Molnar,Pomocnik,Pogon Szczecin,Polska,Ekstraklasa,sofascore
Meschak Elia,Napastnik,Alanyaspor,Turcja,Super Lig,sofascore
Osman Arslantas,Napastnik,Alanyaspor,Turcja,Super Lig,sofascore
Veysel Unal,Napastnik,Alanyaspor,Turcja,Super Lig,sofascore
Ruan Pereira Duarte,Pomocnik,Alanyaspor,Turcja,Super Lig,sofascore
Yusuf Ozdemir,Pomocnik,Alanyaspor,Turcja,Super Lig,sofascore
Yusuf Karademir,Pomocnik,Alanyaspor,Turcja,Super Lig,sofascore
Emirhan Cavus,Pomocnik,Alanyaspor,Turcja,Super Lig,sofascore
Bedirhan Ozyurt,Obrońca,Alanyaspor,Turcja,Super Lig,sofascore
Berk Kizildemir,Napastnik,Amed Sportif Faaliyetler,Turcja,Super Lig,sofascore
Civan Suer,Napastnik,Amed Sportif Faaliyetler,Turcja,Super Lig,sofascore
Muhammed Yildirim,Napastnik,Amed Sportif Faaliyetler,Turcja,Super Lig,sofascore
David Robert Bates,Obrońca,Amed Sportif Faaliyetler,Turcja,Super Lig,flashscore~fuzzy
Hasan Ali Kaldirim,Obrońca,Amed Sportif Faaliyetler,Turcja,Super Lig,sofascore
Mohamed Desouki,Obrońca,Amed Sportif Faaliyetler,Turcja,Super Lig,sofascore
Berat Percin,Obrońca,Amed Sportif Faaliyetler,Turcja,Super Lig,sofascore
Yakup Arda Kilic,Napastnik,Besiktas JK,Turcja,Super Lig,sofascore
Can Keles,Napastnik,Besiktas JK,Turcja,Super Lig,sofascore
Joao Mario,Pomocnik,Besiktas JK,Turcja,Super Lig,sofascore
Moatasem Al-Musrati,Pomocnik,Besiktas JK,Turcja,Super Lig,sofascore
Jean Onana,Pomocnik,Besiktas JK,Turcja,Super Lig,sofascore
Elan Ricardo,Pomocnik,Besiktas JK,Turcja,Super Lig,sofascore
Fahri Ay,Pomocnik,Besiktas JK,Turcja,Super Lig,flashscore~fuzzy
Amir Murillo,Obrońca,Besiktas JK,Turcja,Super Lig,sofascore
Emrecan Uzunhan,Obrońca,Besiktas JK,Turcja,Super Lig,sofascore
Mustafa Coskun Tosun,Napastnik,Caykur Rizespor,Turcja,Super Lig,sofascore
Mame Mor Faye,Napastnik,Caykur Rizespor,Turcja,Super Lig,flashscore~fuzzy
Eren Emre Aydin,Pomocnik,Caykur Rizespor,Turcja,Super Lig,sofascore
Husniddin Aliqulov,Obrońca,Caykur Rizespor,Turcja,Super Lig,sofascore
Seyfettin Anil Yasar,Obrońca,Caykur Rizespor,Turcja,Super Lig,flashscore~fuzzy
Habil Ozbakir,Obrońca,Caykur Rizespor,Turcja,Super Lig,sofascore
Huseyincan Kirikci,Obrońca,Caykur Rizespor,Turcja,Super Lig,sofascore
Hasan Ege Akdogan,Napastnik,Corum FK,Turcja,Super Lig,sofascore
Semih Akyildiz,Napastnik,Corum FK,Turcja,Super Lig,sofascore
Polat Abay,Napastnik,Corum FK,Turcja,Super Lig,sofascore
Eren Karadag,Pomocnik,Corum FK,Turcja,Super Lig,sofascore
Kenan Fakili,Pomocnik,Corum FK,Turcja,Super Lig,sofascore
Atakan Cangoz,Pomocnik,Corum FK,Turcja,Super Lig,sofascore
Hasan Yesilyurt,Napastnik,Corum FK,Turcja,Super Lig,flashscore~fuzzy
Arda Sengul,Obrońca,Corum FK,Turcja,Super Lig,flashscore~fuzzy
Taha Rencber,Obrońca,Corum FK,Turcja,Super Lig,sofascore
Berkay Ari,Obrońca,Corum FK,Turcja,Super Lig,sofascore
Murat Cem Akpinar,Pomocnik,Erzurumspor FK,Turcja,Super Lig,flashscore~fuzzy
Muhammed Furkan Ozhan,Pomocnik,Erzurumspor FK,Turcja,Super Lig,sofascore
Mamadou Ba,Pomocnik,Erzurumspor FK,Turcja,Super Lig,sofascore
Ali Sahin,Pomocnik,Erzurumspor FK,Turcja,Super Lig,sofascore
Omer Arda Kara,Obrońca,Erzurumspor FK,Turcja,Super Lig,flashscore~fuzzy
Emre Erdem,Obrońca,Erzurumspor FK,Turcja,Super Lig,sofascore
Abdou Sy,Napastnik,Eyupspor,Turcja,Super Lig,flashscore~fuzzy
Berkay Kumlu,Napastnik,Eyupspor,Turcja,Super Lig,sofascore
Hamza Akman,Pomocnik,Eyupspor,Turcja,Super Lig,sofascore
Ismaila Manga,Pomocnik,Eyupspor,Turcja,Super Lig,sofascore
Charles-Andre Raux Yao,Pomocnik,Eyupspor,Turcja,Super Lig,sofascore
Erdem Calik,Pomocnik,Eyupspor,Turcja,Super Lig,sofascore
Mete Demir,Pomocnik,Eyupspor,Turcja,Super Lig,sofascore
Bugra Cagliyan,Pomocnik,Eyupspor,Turcja,Super Lig,sofascore
Calegari,Obrońca,Eyupspor,Turcja,Super Lig,sofascore
Gilbert Mendy,Obrońca,Eyupspor,Turcja,Super Lig,sofascore
Mustafa Eren Damar,Obrońca,Eyupspor,Turcja,Super Lig,sofascore
Berhan Satli,Obrońca,Eyupspor,Turcja,Super Lig,flashscore~fuzzy
Adem Yesilyurt,Napastnik,Fenerbahce,Turcja,Super Lig,sofascore
Emin Eren Sayar,Napastnik,Fenerbahce,Turcja,Super Lig,flashscore~fuzzy
Sofyan Amrabat,Pomocnik,Fenerbahce,Turcja,Super Lig,sofascore
Irfan Can Kahveci,Napastnik,Fenerbahce,Turcja,Super Lig,flashscore~fuzzy
Mert Hakan Yandas,Pomocnik,Fenerbahce,Turcja,Super Lig,sofascore
Abdou Aziz Fall,Pomocnik,Fenerbahce,Turcja,Super Lig,sofascore
Yagiz Fikri Sen,Pomocnik,Fenerbahce,Turcja,Super Lig,sofascore
Diego Carlos,Obrońca,Fenerbahce,Turcja,Super Lig,sofascore
Halil Dervisoglu,Napastnik,Galatasaray,Turcja,Super Lig,sofascore
Recep Yalin Dilek,Napastnik,Galatasaray,Turcja,Super Lig,flashscore~fuzzy
Ali Efe Cordek,Napastnik,Galatasaray,Turcja,Super Lig,sofascore
Arda Tagay,Napastnik,Galatasaray,Turcja,Super Lig,sofascore
Baris Alper Yilmaz,Napastnik,Galatasaray,Turcja,Super Lig,flashscore~fuzzy
Mario Lemina,Pomocnik,Galatasaray,Turcja,Super Lig,sofascore
Ilhami Sirachan Nas,Pomocnik,Galatasaray,Turcja,Super Lig,sofascore
Eyup Karasu,Pomocnik,Galatasaray,Turcja,Super Lig,sofascore
Berat Yilmaz,Pomocnik,Galatasaray,Turcja,Super Lig,sofascore
Metehan Baltaci,Obrońca,Galatasaray,Turcja,Super Lig,sofascore
Yusuf Sivaslioglu,Obrońca,Galatasaray,Turcja,Super Lig,sofascore
Trivante Stewart,Napastnik,Gaziantep FK,Turcja,Super Lig,sofascore
Fuat Bavuk,Napastnik,Gaziantep FK,Turcja,Super Lig,sofascore
Ali Mevran Ablak,Pomocnik,Gaziantep FK,Turcja,Super Lig,flashscore~fuzzy
Gidado Victor Ntino-Emo,Pomocnik,Gaziantep FK,Turcja,Super Lig,flashscore~fuzzy
Mirza Cihan,Pomocnik,Gaziantep FK,Turcja,Super Lig,sofascore
Muhammet Taha Gunes,Pomocnik,Gaziantep FK,Turcja,Super Lig,sofascore
Burak Enes Yikici,Pomocnik,Gaziantep FK,Turcja,Super Lig,sofascore
Yusuf Delen,Pomocnik,Gaziantep FK,Turcja,Super Lig,sofascore
Nazim Sangare,Obrońca,Gaziantep FK,Turcja,Super Lig,sofascore
Onur Basyigit,Obrońca,Gaziantep FK,Turcja,Super Lig,sofascore
Sekou Koita,Napastnik,Genclerbirligi,Turcja,Super Lig,sofascore
Henry Onyekuru,Napastnik,Genclerbirligi,Turcja,Super Lig,sofascore
Prince Martor,Napastnik,Genclerbirligi,Turcja,Super Lig,sofascore
Ayaz Ozcan,Napastnik,Genclerbirligi,Turcja,Super Lig,sofascore
Dilhan Demir,Napastnik,Genclerbirligi,Turcja,Super Lig,sofascore
Arda Akgul,Napastnik,Genclerbirligi,Turcja,Super Lig,sofascore
Muhammet Ensar Uzun,Napastnik,Genclerbirligi,Turcja,Super Lig,sofascore
Adama Malouda Traore,Pomocnik,Genclerbirligi,Turcja,Super Lig,sofascore
Franco Tongya,Pomocnik,Genclerbirligi,Turcja,Super Lig,sofascore
Peter Etebo,Pomocnik,Genclerbirligi,Turcja,Super Lig,sofascore
Ousmane Diabate,Pomocnik,Genclerbirligi,Turcja,Super Lig,sofascore
Moussa Kyabou,Pomocnik,Genclerbirligi,Turcja,Super Lig,sofascore
Ogulcan Ulgun,Pomocnik,Genclerbirligi,Turcja,Super Lig,sofascore
Ensar Kemaloglu,Pomocnik,Genclerbirligi,Turcja,Super Lig,sofascore
Seyfi Toprak Kiskanc,Pomocnik,Genclerbirligi,Turcja,Super Lig,sofascore
Goktug Erdem,Pomocnik,Genclerbirligi,Turcja,Super Lig,sofascore
Pedro Pereira,Obrońca,Genclerbirligi,Turcja,Super Lig,sofascore
Kevin Rodrigues,Obrońca,Genclerbirligi,Turcja,Super Lig,sofascore
Dimitris Goutas,Obrońca,Genclerbirligi,Turcja,Super Lig,sofascore
Thalisson,Obrońca,Genclerbirligi,Turcja,Super Lig,sofascore
Zan Zuzek,Obrońca,Genclerbirligi,Turcja,Super Lig,sofascore
Abdurrahim Dursun,Obrońca,Genclerbirligi,Turcja,Super Lig,sofascore
Firatcan Uzum,Obrońca,Genclerbirligi,Turcja,Super Lig,sofascore
Yigit Hamza Aydar,Obrońca,Genclerbirligi,Turcja,Super Lig,sofascore
Emirhan Unal,Obrońca,Genclerbirligi,Turcja,Super Lig,sofascore
Ensar Cavusoglu,Obrońca,Genclerbirligi,Turcja,Super Lig,sofascore
Arda Cagan Celik,Obrońca,Genclerbirligi,Turcja,Super Lig,sofascore
Berat Can Sebat,Obrońca,Genclerbirligi,Turcja,Super Lig,sofascore
Andre Henrique,Napastnik,Goztepe,Turcja,Super Lig,sofascore
Juan Santos da Silva,Napastnik,Goztepe,Turcja,Super Lig,flashscore~fuzzy
Tibet Durakcay,Napastnik,Goztepe,Turcja,Super Lig,sofascore
Amine Cherni,Pomocnik,Goztepe,Turcja,Super Lig,sofascore
Rhaldney,Pomocnik,Goztepe,Turcja,Super Lig,sofascore
Izzet Furkan Malak,Pomocnik,Goztepe,Turcja,Super Lig,sofascore
Yusuf Ali Sirin,Napastnik,Goztepe,Turcja,Super Lig,flashscore~fuzzy
Allan,Obrońca,Goztepe,Turcja,Super Lig,sofascore
Berkay Aslan,Napastnik,Basaksehir FK,Turcja,Super Lig,sofascore
Batuhan Celik,Napastnik,Basaksehir FK,Turcja,Super Lig,sofascore
Omer Faruk Beyaz,Pomocnik,Basaksehir FK,Turcja,Super Lig,sofascore
Berat Ayberk Ozdemir,Pomocnik,Basaksehir FK,Turcja,Super Lig,flashscore~fuzzy
Matchoi Djalo,Pomocnik,Basaksehir FK,Turcja,Super Lig,sofascore
Berkay Aydogmus,Pomocnik,Basaksehir FK,Turcja,Super Lig,sofascore
Francis Nzaba,Obrońca,Basaksehir FK,Turcja,Super Lig,sofascore
Omer Ali Sahiner,Pomocnik,Basaksehir FK,Turcja,Super Lig,flashscore~fuzzy
Halit Acun,Obrońca,Basaksehir FK,Turcja,Super Lig,sofascore
Emre Kaplan,Obrońca,Basaksehir FK,Turcja,Super Lig,sofascore
Efe Arda Koyuncu,Obrońca,Basaksehir FK,Turcja,Super Lig,sofascore
Yasin Yagiz Dilek,Obrońca,Basaksehir FK,Turcja,Super Lig,sofascore
Dogukan Tuzcu,Obrońca,Basaksehir FK,Turcja,Super Lig,sofascore
Habib Gueye,Napastnik,Kasimpasa,Turcja,Super Lig,flashscore~fuzzy
Sarp Yavrucu,Napastnik,Kasimpasa,Turcja,Super Lig,sofascore
Berk Can Yildizli,Napastnik,Kasimpasa,Turcja,Super Lig,sofascore
Haris Hajradinovic,Pomocnik,Kasimpasa,Turcja,Super Lig,sofascore
Oguzhan Yilmaz,Pomocnik,Kasimpasa,Turcja,Super Lig,sofascore
Sercan Deniz,Pomocnik,Kasimpasa,Turcja,Super Lig,sofascore
Kamil Ahmet Corekci,Obrońca,Kasimpasa,Turcja,Super Lig,flashscore~fuzzy
Taylan Utku Aydin,Obrońca,Kasimpasa,Turcja,Super Lig,flashscore~fuzzy
Berkay Muratoglu,Obrońca,Kasimpasa,Turcja,Super Lig,sofascore
Adnan Aktas,Obrońca,Kasimpasa,Turcja,Super Lig,sofascore
Dan Agyei,Napastnik,Kocaelispor,Turcja,Super Lig,sofascore
Bedirhan Yildiz,Napastnik,Kocaelispor,Turcja,Super Lig,sofascore
Ege Bilim,Pomocnik,Kocaelispor,Turcja,Super Lig,sofascore
Anfernee Jamal Dijksteel,Obrońca,Kocaelispor,Turcja,Super Lig,flashscore~fuzzy
Ugur Kaan Yildiz,Obrońca,Kocaelispor,Turcja,Super Lig,flashscore~fuzzy
Onur Oztonga,Obrońca,Kocaelispor,Turcja,Super Lig,sofascore
Mikdat Cil,Obrońca,Kocaelispor,Turcja,Super Lig,sofascore
Umut Can Aslan,Obrońca,Kocaelispor,Turcja,Super Lig,sofascore
Muhammet Tunahan Tasci,Napastnik,Konyaspor,Turcja,Super Lig,flashscore~fuzzy
Mehmet Ali Buyuksayar,Napastnik,Konyaspor,Turcja,Super Lig,sofascore
Eren Yagmur,Napastnik,Konyaspor,Turcja,Super Lig,flashscore~fuzzy
Adem Eren Kabak,Pomocnik,Konyaspor,Turcja,Super Lig,sofascore
Berke Ozcelik,Pomocnik,Konyaspor,Turcja,Super Lig,sofascore
Arif Bosluk,Obrońca,Konyaspor,Turcja,Super Lig,sofascore
Muzaffer Utku Eris,Obrońca,Konyaspor,Turcja,Super Lig,sofascore
Ahmet Kusay,Pomocnik,Konyaspor,Turcja,Super Lig,flashscore~fuzzy
Cheick Tidiane Sabaly,Napastnik,Samsunspor,Turcja,Super Lig,sofascore
Marius Mouandilmadji,Napastnik,Samsunspor,Turcja,Super Lig,sofascore
Richie Omorowa,Napastnik,Samsunspor,Turcja,Super Lig,sofascore
Emre Koroglu,Napastnik,Samsunspor,Turcja,Super Lig,sofascore
Samed Onur,Pomocnik,Samsunspor,Turcja,Super Lig,sofascore
Alper Efe Pazar,Pomocnik,Samsunspor,Turcja,Super Lig,sofascore
Cheick Diabate,Pomocnik,Samsunspor,Turcja,Super Lig,sofascore
Josafat Mendes,Obrońca,Samsunspor,Turcja,Super Lig,sofascore
Ali Diabate,Obrońca,Samsunspor,Turcja,Super Lig,sofascore
Ali Tarkan,Obrońca,Samsunspor,Turcja,Super Lig,sofascore
Haluk Mustafa Tan,Obrońca,Samsunspor,Turcja,Super Lig,sofascore
Kerem Fidan,Obrońca,Samsunspor,Turcja,Super Lig,sofascore
Zekeriya Bulut,Napastnik,Trabzonspor,Turcja,Super Lig,sofascore
Batista Mendy,Pomocnik,Trabzonspor,Turcja,Super Lig,sofascore
John Lundstram,Pomocnik,Trabzonspor,Turcja,Super Lig,sofascore
Goktan Gurpuz,Pomocnik,Trabzonspor,Turcja,Super Lig,sofascore
Veysel Sonmezsoy,Pomocnik,Trabzonspor,Turcja,Super Lig,sofascore
Arda Ozturk,Obrońca,Trabzonspor,Turcja,Super Lig,sofascore
Ali Sahin Yilmaz,Obrońca,Trabzonspor,Turcja,Super Lig,sofascore
Berat Tekke,Obrońca,Trabzonspor,Turcja,Super Lig,sofascore
Mustafa Akcay,Obrońca,Trabzonspor,Turcja,Super Lig,sofascore
Reigan Heskey,Napastnik,1. FC Koln,Niemcy,Bundesliga,sofascore
Ragnar Ache,Napastnik,1. FC Koln,Niemcy,Bundesliga,sofascore
Fynn Schenten,Napastnik,1. FC Koln,Niemcy,Bundesliga,sofascore
Luca Waldschmidt,Napastnik,1. FC Koln,Niemcy,Bundesliga,sofascore
Marius Bulter,Napastnik,1. FC Koln,Niemcy,Bundesliga,sofascore
Imad Rondic,Napastnik,1. FC Koln,Niemcy,Bundesliga,sofascore
Malek El Mala,Napastnik,1. FC Koln,Niemcy,Bundesliga,sofascore
Youssoupha Niang,Napastnik,1. FC Koln,Niemcy,Bundesliga,sofascore
Maik Afri Akumu,Napastnik,1. FC Koln,Niemcy,Bundesliga,sofascore
Nilas Yacobi,Napastnik,1. FC Koln,Niemcy,Bundesliga,sofascore
Said El Mala,Pomocnik,1. FC Koln,Niemcy,Bundesliga,sofascore
Isak Bergmann Johannesson,Pomocnik,1. FC Koln,Niemcy,Bundesliga,sofascore
Paul Okon-Engstler,Pomocnik,1. FC Koln,Niemcy,Bundesliga,sofascore
Linton Maina,Pomocnik,1. FC Koln,Niemcy,Bundesliga,sofascore
Tom Krauss,Pomocnik,1. FC Koln,Niemcy,Bundesliga,sofascore
Patrik Kristal,Pomocnik,1. FC Koln,Niemcy,Bundesliga,sofascore
Jan Uwe Thielmann,Pomocnik,1. FC Koln,Niemcy,Bundesliga,sofascore
Alessio Castro-Montes,Pomocnik,1. FC Koln,Niemcy,Bundesliga,sofascore
Emin Kujovic,Pomocnik,1. FC Koln,Niemcy,Bundesliga,sofascore
Kristiyan Irmiev,Pomocnik,1. FC Koln,Niemcy,Bundesliga,sofascore
Gideon Mensah,Obrońca,1. FC Koln,Niemcy,Bundesliga,sofascore
Jahmai Simpson-Pusey,Obrońca,1. FC Koln,Niemcy,Bundesliga,sofascore
Luka Lochoshvili,Obrońca,1. FC Koln,Niemcy,Bundesliga,sofascore
Rav van den Berg,Obrońca,1. FC Koln,Niemcy,Bundesliga,sofascore
Timo Hubers,Obrońca,1. FC Koln,Niemcy,Bundesliga,sofascore
Sebastian Sebulonsen,Obrońca,1. FC Koln,Niemcy,Bundesliga,sofascore
Elias Bakatukanda,Obrońca,1. FC Koln,Niemcy,Bundesliga,sofascore
Joel Schmied,Obrońca,1. FC Koln,Niemcy,Bundesliga,sofascore
Julian Pauli,Obrońca,1. FC Koln,Niemcy,Bundesliga,sofascore
David Furst,Obrońca,1. FC Koln,Niemcy,Bundesliga,sofascore
Yannick Mausehund,Obrońca,1. FC Koln,Niemcy,Bundesliga,sofascore
Jonathan Friemel,Obrońca,1. FC Koln,Niemcy,Bundesliga,sofascore
Victor Okoh Boniface,Napastnik,Bayer 04 Leverkusen,Niemcy,Bundesliga,flashscore~fuzzy
Naba Mensah,Pomocnik,Bayer 04 Leverkusen,Niemcy,Bundesliga,sofascore
Jonah Berghoff,Pomocnik,Bayer 04 Leverkusen,Niemcy,Bundesliga,sofascore
Bryan Zaragoza,Napastnik,FC Bayern Munchen,Niemcy,Bundesliga,sofascore
Tim Binder,Napastnik,FC Bayern Munchen,Niemcy,Bundesliga,sofascore
Oluwaseyi Wilson,Napastnik,FC Bayern Munchen,Niemcy,Bundesliga,sofascore
Michael Matosevic,Pomocnik,FC Bayern Munchen,Niemcy,Bundesliga,sofascore
Simon Schaff,Pomocnik,FC Bayern Munchen,Niemcy,Bundesliga,sofascore
Tarek Buchmann,Obrońca,FC Bayern Munchen,Niemcy,Bundesliga,sofascore
Roko Mijatovic,Obrońca,FC Bayern Munchen,Niemcy,Bundesliga,sofascore
Raphael Pavlic,Obrońca,FC Bayern Munchen,Niemcy,Bundesliga,sofascore
Richard Ajayi,Obrońca,FC Bayern Munchen,Niemcy,Bundesliga,sofascore
Adam El-Chaar,Obrońca,FC Bayern Munchen,Niemcy,Bundesliga,sofascore
Marwan-Omir Mirza,Napastnik,Borussia Dortmund,Niemcy,Bundesliga,sofascore
Arne Wessels,Napastnik,Borussia Dortmund,Niemcy,Bundesliga,sofascore
Mussa Kaba,Pomocnik,Borussia Dortmund,Niemcy,Bundesliga,sofascore
Enzo Duarte,Pomocnik,Borussia Dortmund,Niemcy,Bundesliga,sofascore
Tom Faust,Pomocnik,Borussia Dortmund,Niemcy,Bundesliga,sofascore
Jan-Luca Riedl,Obrońca,Borussia Dortmund,Niemcy,Bundesliga,sofascore
Miguel Adje,Obrońca,Borussia Dortmund,Niemcy,Bundesliga,sofascore
Romeo Ritter,Obrońca,Borussia Dortmund,Niemcy,Bundesliga,sofascore
Tomas Cvancara,Napastnik,Borussia M'gladbach,Niemcy,Bundesliga,sofascore
Iaia Manco Danfa,Napastnik,Borussia M'gladbach,Niemcy,Bundesliga,sofascore
Nathan N'Goumou,Pomocnik,Borussia M'gladbach,Niemcy,Bundesliga,sofascore
Niko Horvat,Pomocnik,Borussia M'gladbach,Niemcy,Bundesliga,sofascore
Edin Biber,Pomocnik,Borussia M'gladbach,Niemcy,Bundesliga,sofascore
Mathieu Nguefack,Pomocnik,Borussia M'gladbach,Niemcy,Bundesliga,sofascore
Fabio Chiarodia,Obrońca,Borussia M'gladbach,Niemcy,Bundesliga,flashscore~fuzzy
Tyler Meiser,Obrońca,Borussia M'gladbach,Niemcy,Bundesliga,sofascore
Dillon Berko,Obrońca,Borussia M'gladbach,Niemcy,Bundesliga,sofascore
Lion Schweers,Obrońca,Borussia M'gladbach,Niemcy,Bundesliga,sofascore
Ayoube Amaimouni Echghouyab,Napastnik,Eintracht Frankfurt,Niemcy,Bundesliga,flashscore~fuzzy
Elye Wahi,Napastnik,Eintracht Frankfurt,Niemcy,Bundesliga,sofascore
Jessic Ngankam,Napastnik,Eintracht Frankfurt,Niemcy,Bundesliga,sofascore
Keito Kumashiro,Napastnik,Eintracht Frankfurt,Niemcy,Bundesliga,sofascore
Noel Aseko,Pomocnik,Eintracht Frankfurt,Niemcy,Bundesliga,sofascore
Eric Ebimbe,Pomocnik,Eintracht Frankfurt,Niemcy,Bundesliga,sofascore
Eba Bekir Is,Pomocnik,Eintracht Frankfurt,Niemcy,Bundesliga,flashscore~fuzzy
Jeremiaha Maluze,Obrońca,Eintracht Frankfurt,Niemcy,Bundesliga,sofascore
Julian Etse,Obrońca,Eintracht Frankfurt,Niemcy,Bundesliga,sofascore
Steve Mounie,Napastnik,FC Augsburg,Niemcy,Bundesliga,sofascore
Thomas Kastanaras,Napastnik,FC Augsburg,Niemcy,Bundesliga,sofascore
Nathanael Mbuku,Pomocnik,FC Augsburg,Niemcy,Bundesliga,sofascore
Yusuf Kabadayi,Pomocnik,FC Augsburg,Niemcy,Bundesliga,sofascore
Tim Breithaupt,Pomocnik,FC Augsburg,Niemcy,Bundesliga,sofascore
Mahmut Kucuksahin,Pomocnik,FC Augsburg,Niemcy,Bundesliga,sofascore
Florian Hangl,Pomocnik,FC Augsburg,Niemcy,Bundesliga,sofascore
Franz Xaver Bleicher,Pomocnik,FC Augsburg,Niemcy,Bundesliga,sofascore
Milo Adleff,Obrońca,FC Augsburg,Niemcy,Bundesliga,sofascore
Ransford Yeboah Konigsdorffer,Napastnik,1. FSV Mainz 05,Niemcy,Bundesliga,flashscore~fuzzy
Jeremiah Debrah,Pomocnik,1. FSV Mainz 05,Niemcy,Bundesliga,sofascore
Andreas Hanche Olsen,Obrońca,1. FSV Mainz 05,Niemcy,Bundesliga,sofascore
Alexander Rossing-Lelesiit,Napastnik,Hamburger SV,Niemcy,Bundesliga,sofascore
Thierry Sedlatschek,Napastnik,Hamburger SV,Niemcy,Bundesliga,sofascore
Jannes von Diczelski,Napastnik,Hamburger SV,Niemcy,Bundesliga,sofascore
Finn Jan Erik Barkowsky,Napastnik,Hamburger SV,Niemcy,Bundesliga,sofascore
Kofi Jeremy Amoako,Pomocnik,Hamburger SV,Niemcy,Bundesliga,flashscore~fuzzy
Mads Brocker,Pomocnik,Hamburger SV,Niemcy,Bundesliga,sofascore
Jason Dean Bissi Mouelle,Obrońca,Hamburger SV,Niemcy,Bundesliga,sofascore
Robert Ramsak,Napastnik,RB Leipzig,Niemcy,Bundesliga,sofascore
Eljif Elmas,Pomocnik,RB Leipzig,Niemcy,Bundesliga,sofascore
Viggo Gebel,Pomocnik,RB Leipzig,Niemcy,Bundesliga,sofascore
Benno Kaltefleiter,Pomocnik,RB Leipzig,Niemcy,Bundesliga,sofascore
Lutsharel Geertruida,Obrońca,RB Leipzig,Niemcy,Bundesliga,sofascore
Abdoul Kone,Obrońca,RB Leipzig,Niemcy,Bundesliga,sofascore
Max Finkgrafe,Obrońca,RB Leipzig,Niemcy,Bundesliga,sofascore
Leon Catak,Napastnik,SC Freiburg,Niemcy,Bundesliga,sofascore
Florent Muslija,Pomocnik,SC Freiburg,Niemcy,Bundesliga,sofascore
Yannick Engelhardt,Pomocnik,SC Freiburg,Niemcy,Bundesliga,sofascore
Mladen Mijajlovic,Pomocnik,SC Freiburg,Niemcy,Bundesliga,sofascore
Maximilian Rosenfelder,Obrońca,SC Freiburg,Niemcy,Bundesliga,sofascore
Lasse Eickel,Napastnik,SC Paderborn 07,Niemcy,Bundesliga,sofascore
Tjark Lasse Scheller,Obrońca,SC Paderborn 07,Niemcy,Bundesliga,flashscore~fuzzy
Jano Ter-Horst,Obrońca,SC Paderborn 07,Niemcy,Bundesliga,sofascore
Tristan Zobel,Obrońca,SC Paderborn 07,Niemcy,Bundesliga,sofascore
Emil Hojlund,Napastnik,FC Schalke 04,Niemcy,Bundesliga,sofascore
Soufiane El-Faouzi,Pomocnik,FC Schalke 04,Niemcy,Bundesliga,sofascore
Mauro Zalazar,Pomocnik,FC Schalke 04,Niemcy,Bundesliga,sofascore
Max Gruger,Pomocnik,FC Schalke 04,Niemcy,Bundesliga,sofascore
Edion Gashi,Pomocnik,FC Schalke 04,Niemcy,Bundesliga,sofascore
Tomas Kalas,Obrońca,FC Schalke 04,Niemcy,Bundesliga,sofascore
Martin Wasinski,Obrońca,FC Schalke 04,Niemcy,Bundesliga,sofascore
Steve Noode,Obrońca,FC Schalke 04,Niemcy,Bundesliga,sofascore
Anton Donkor,Obrońca,FC Schalke 04,Niemcy,Bundesliga,sofascore
Magnus Rosner,Obrońca,FC Schalke 04,Niemcy,Bundesliga,sofascore
Louis Tober,Obrońca,FC Schalke 04,Niemcy,Bundesliga,sofascore
David Mokwa,Napastnik,SV 07 Elversberg,Niemcy,Bundesliga,flashscore~fuzzy
Lukas Finn Pinckert,Obrońca,SV 07 Elversberg,Niemcy,Bundesliga,flashscore~fuzzy
Florian Yves Le Joncour,Obrońca,SV 07 Elversberg,Niemcy,Bundesliga,flashscore~fuzzy
Gift Orban,Napastnik,TSG Hoffenheim,Niemcy,Bundesliga,sofascore
Deniz Zeitler,Napastnik,TSG Hoffenheim,Niemcy,Bundesliga,sofascore
Jykese Fields,Napastnik,TSG Hoffenheim,Niemcy,Bundesliga,sofascore
Umut Tohumcu,Pomocnik,TSG Hoffenheim,Niemcy,Bundesliga,sofascore
Bambase Conte,Pomocnik,TSG Hoffenheim,Niemcy,Bundesliga,sofascore
Luis Engelns,Pomocnik,TSG Hoffenheim,Niemcy,Bundesliga,sofascore
Dennis Geiger,Pomocnik,TSG Hoffenheim,Niemcy,Bundesliga,sofascore
Tiago Poller,Pomocnik,TSG Hoffenheim,Niemcy,Bundesliga,sofascore
Alex Honajzer,Pomocnik,TSG Hoffenheim,Niemcy,Bundesliga,sofascore
Oskar Hencke,Pomocnik,TSG Hoffenheim,Niemcy,Bundesliga,sofascore
Koki Machida,Obrońca,TSG Hoffenheim,Niemcy,Bundesliga,sofascore
Natnael Abraha,Obrońca,TSG Hoffenheim,Niemcy,Bundesliga,sofascore
Tristan Spranger,Obrońca,TSG Hoffenheim,Niemcy,Bundesliga,sofascore
Maxime Ndong Penda,Obrońca,TSG Hoffenheim,Niemcy,Bundesliga,sofascore
Mekhi Gray,Napastnik,1. FC Union Berlin,Niemcy,Bundesliga,sofascore
Rani Khedira,Pomocnik,1. FC Union Berlin,Niemcy,Bundesliga,sofascore
Duje Sliskovic,Pomocnik,1. FC Union Berlin,Niemcy,Bundesliga,sofascore
Tom Alexander Rothe,Obrońca,1. FC Union Berlin,Niemcy,Bundesliga,flashscore~fuzzy
Bennett Wilp,Obrońca,1. FC Union Berlin,Niemcy,Bundesliga,sofascore
Matthaios Tsigkas,Napastnik,VfB Stuttgart,Niemcy,Bundesliga,sofascore
Oliver Rolke,Napastnik,VfB Stuttgart,Niemcy,Bundesliga,sofascore
Justin Diehl,Pomocnik,VfB Stuttgart,Niemcy,Bundesliga,sofascore
Ertugrul Yigit,Pomocnik,VfB Stuttgart,Niemcy,Bundesliga,sofascore
Dan Zagadou,Obrońca,VfB Stuttgart,Niemcy,Bundesliga,sofascore
Ameen Al-Dakhil,Obrońca,VfB Stuttgart,Niemcy,Bundesliga,sofascore
Leonidas Stergiou,Obrońca,VfB Stuttgart,Niemcy,Bundesliga,sofascore
Christopher Olivier,Obrońca,VfB Stuttgart,Niemcy,Bundesliga,sofascore
Princewill Mbock,Napastnik,SV Werder Bremen,Niemcy,Bundesliga,sofascore
Mitchell Weiser,Pomocnik,SV Werder Bremen,Niemcy,Bundesliga,sofascore
Ramiz Hamouda,Obrońca,SV Werder Bremen,Niemcy,Bundesliga,sofascore
Mats Heitmann,Obrońca,SV Werder Bremen,Niemcy,Bundesliga,sofascore
Luca Hocker,Obrońca,SV Werder Bremen,Niemcy,Bundesliga,sofascore
